11/1/2017_19:08:54#Femmina#18-24#Catania#Laurea_triennale#Iperfamila#Tre_volte_a_settimana#Sì#Un’azienda_che_fa_donazioni_e_sostiene_grandi_cause_sociali_esterne_all’azienda_stessa#Sostegno_ad_associazioni_no_profit#Solo_per_un_ritorno_di_immagine,_quindi_per_profitto#Sì,_se_non_avessi_alternative_valide#No,_non_ho_mai_saputo_nulla_riguardo_attività_di_responsabilità_sociale_da_parte_dell’azienda#Sì,_cerco_sempre_di_abbinare_le_mie_esigenze_con_queste_iniziative#No,_non_in_modo_sufficiente#Sì,_molto#Sì,_le_attività_che_intraprende_la_rendono_attiva_nel_campo_della_responsabilità_sociale#L’azienda_mette_spesso_in_campo_iniziative_di_sostegno_ad_associazioni_no_profit##Migliorare_e_diffondere_maggiormente_la_comunicazione_delle_iniziative_intraprese#Report_su_sito_web
11/1/2017_19:15:00#Femmina#18-24#Messina#Laurea_magistrale#Iperfamila#Tre_volte_a_settimana#Sì#Un’azienda_che_non_solo_rispetta_le_leggi_nelle_sue_attività,_ma_si_impegna_per_migliorare_società_e_ambiente#Rispetto_per_l’ambiente#Solo_per_un_ritorno_di_immagine,_quindi_per_profitto#Sì,_se_non_avessi_alternative_valide#No,_non_ho_mai_saputo_nulla_riguardo_attività_di_responsabilità_sociale_da_parte_dell’azienda#Sì,_cerco_sempre_di_abbinare_le_mie_esigenze_con_queste_iniziative#No,_per_niente#Sì,_molto#Sì,_le_attività_che_intraprende_la_rendono_attiva_nel_campo_della_responsabilità_sociale#L’azienda_mette_spesso_in_campo_iniziative_di_sostegno_ad_associazioni_no_profit#Appoggio_scarso_o_del_tutto_mancante_ad_enti_no_profit#Migliorare_e_diffondere_maggiormente_la_comunicazione_delle_iniziative_intraprese#Pubblicità
11/1/2017_19:15:20#Femmina#25-35#Catania#Laurea_magistrale#ARD#Tutti_i_giorni#Sì#Un’azienda_che_non_solo_rispetta_le_leggi_nelle_sue_attività,_ma_si_impegna_per_migliorare_società_e_ambiente#Controllo_dei_prodotti#Solo_per_un_ritorno_di_immagine,_quindi_per_profitto#Sì,_se_non_avessi_alternative_valide#Sì,_ne_vengo_a_conoscenza_direttamente_nel_punto_vendita_o_tramite_passa-parola#Sì,_cerco_sempre_di_abbinare_le_mie_esigenze_con_queste_iniziative#Sì,_abbastanza#Sì,_abbastanza#Sì,_le_attività_che_intraprende_la_rendono_attiva_nel_campo_della_responsabilità_sociale#L’azienda_mette_spesso_in_campo_iniziative_di_sostegno_ad_associazioni_no_profit##Migliorare_e_diffondere_maggiormente_la_comunicazione_delle_iniziative_intraprese#Facebook
11/1/2017_19:15:49#Maschio#18-24#Catania#Diploma_superiore#Iperfamila#Ci_va_mia_mamma#No#Un’azienda_che_persegue_i_propri_interessi_rispettando_le_leggi_e_pagando_le_tasse#Controllo_dei_prodotti#Solo_per_un_ritorno_di_immagine,_quindi_per_profitto#Sì,_sempre#Sì,_ne_vengo_a_conoscenza_direttamente_nel_punto_vendita_o_tramite_passa-parola#Non_saprei#Sì,_abbastanza#No,_non_mi_interessa_molto#Non_saprei###Migliorare_e_diffondere_maggiormente_la_comunicazione_delle_iniziative_intraprese#Pubblicità
11/1/2017_19:17:26#Maschio#18-24#Catania#Diploma_superiore#A&O#Una_volta_a_settimana#Sì#Un’azienda_che_fa_donazioni_e_sostiene_grandi_cause_sociali_esterne_all’azienda_stessa#Controllo_dei_prodotti#Solo_per_un_ritorno_di_immagine,_quindi_per_profitto#Sì,_se_non_avessi_alternative_valide#No,_non_ho_mai_saputo_nulla_riguardo_attività_di_responsabilità_sociale_da_parte_dell’azienda#No,_generalmente_la_mia_scelta_dipende_da_altri_fattori_(convenienza,_qualità_dei_prodotti,_ecc.)#No,_per_niente#Sì,_abbastanza#Non_saprei###Promuovere_iniziative_a_tutela_dell’ambiente#Pubblicità
11/1/2017_19:25:31#Femmina#18-24#Catania#Diploma_superiore#Famila#Una_volta_a_settimana#Sì#Un’azienda_che_non_solo_rispetta_le_leggi_nelle_sue_attività,_ma_si_impegna_per_migliorare_società_e_ambiente#Controllo_dei_prodotti#Ci_credono_veramente#No,_mai#No,_non_ho_mai_saputo_nulla_riguardo_attività_di_responsabilità_sociale_da_parte_dell’azienda#No,_generalmente_la_mia_scelta_dipende_da_altri_fattori_(convenienza,_qualità_dei_prodotti,_ecc.)#Sì,_abbastanza#Sì,_molto#Sì,_le_attività_che_intraprende_la_rendono_attiva_nel_campo_della_responsabilità_sociale#I_prodotti_rispettano_sempre_gli_standard_di_qualità_e_sostenibilità##Migliorare_e_diffondere_maggiormente_la_comunicazione_delle_iniziative_intraprese#Pubblicità
11/1/2017_19:26:26#Femmina#18-24#Catania#Diploma_superiore#Famila#Tre_volte_a_settimana#No#Un’azienda_che_non_solo_rispetta_le_leggi_nelle_sue_attività,_ma_si_impegna_per_migliorare_società_e_ambiente#Controllo_dei_prodotti#Ci_credono_veramente#Sì,_se_non_avessi_alternative_valide#Sì,_ne_vengo_a_conoscenza_direttamente_nel_punto_vendita_o_tramite_passa-parola#Sì,_cerco_sempre_di_abbinare_le_mie_esigenze_con_queste_iniziative#No,_non_in_modo_sufficiente#Sì,_abbastanza#Sì,_le_attività_che_intraprende_la_rendono_attiva_nel_campo_della_responsabilità_sociale#I_prodotti_rispettano_sempre_gli_standard_di_qualità_e_sostenibilità##Promuovere_iniziative_a_tutela_dell’ambiente#Pubblicità
11/1/2017_19:28:11#Femmina#25-35#Catania#Laurea_triennale#Famila#Tre_volte_a_settimana#Sì#Un’azienda_che_fa_donazioni_e_sostiene_grandi_cause_sociali_esterne_all’azienda_stessa#Controllo_dei_prodotti#Solo_per_un_ritorno_di_immagine,_quindi_per_profitto#Sì,_se_non_avessi_alternative_valide#No,_non_ho_mai_saputo_nulla_riguardo_attività_di_responsabilità_sociale_da_parte_dell’azienda#No,_generalmente_la_mia_scelta_dipende_da_altri_fattori_(convenienza,_qualità_dei_prodotti,_ecc.)#No,_non_in_modo_sufficiente#Sì,_abbastanza#Non_saprei###Migliorare_e_diffondere_maggiormente_la_comunicazione_delle_iniziative_intraprese#Codice_etico
11/1/2017_19:29:08#Maschio#18-24#Catania#Diploma_superiore#Famila#Una_volta_a_settimana#No#Un’azienda_che_non_solo_rispetta_le_leggi_nelle_sue_attività,_ma_si_impegna_per_migliorare_società_e_ambiente#Controllo_dei_prodotti#Solo_per_un_ritorno_di_immagine,_quindi_per_profitto#Sì,_se_non_avessi_alternative_valide#No,_non_ho_mai_saputo_nulla_riguardo_attività_di_responsabilità_sociale_da_parte_dell’azienda#No,_generalmente_la_mia_scelta_dipende_da_altri_fattori_(convenienza,_qualità_dei_prodotti,_ecc.)#No,_non_in_modo_sufficiente#Sì,_abbastanza#Non_saprei###Coinvolgere_maggiormente_il_cliente_nelle_attività_di_beneficienza#Pubblicità
11/1/2017_19:29:45#Maschio#18-24#Catania#Diploma_superiore#ARD#Tutti_i_giorni#No#Un’azienda_che_non_solo_rispetta_le_leggi_nelle_sue_attività,_ma_si_impegna_per_migliorare_società_e_ambiente#Controllo_dei_prodotti#Solo_per_un_ritorno_di_immagine,_quindi_per_profitto#Sì,_se_non_avessi_alternative_valide#Sì,_ne_vengo_a_conoscenza_direttamente_nel_punto_vendita_o_tramite_passa-parola#Sì,_cerco_sempre_di_abbinare_le_mie_esigenze_con_queste_iniziative#Sì,_abbastanza#Sì,_abbastanza#Sì,_le_attività_che_intraprende_la_rendono_attiva_nel_campo_della_responsabilità_sociale#I_prodotti_rispettano_sempre_gli_standard_di_qualità_e_sostenibilità##Migliorare_e_diffondere_maggiormente_la_comunicazione_delle_iniziative_intraprese#Pubblicità
11/1/2017_19:33:37#Femmina#36-50#Catania#Diploma_superiore#Famila#Una_volta_a_settimana#Sì#Un’azienda_che_non_solo_rispetta_le_leggi_nelle_sue_attività,_ma_si_impegna_per_migliorare_società_e_ambiente#Controllo_dei_prodotti#Ci_credono_veramente#Sì,_se_non_avessi_alternative_valide#Sì,_ne_vengo_a_conoscenza_direttamente_nel_punto_vendita_o_tramite_passa-parola#No,_generalmente_la_mia_scelta_dipende_da_altri_fattori_(convenienza,_qualità_dei_prodotti,_ecc.)#Sì,_abbastanza#No,_non_mi_interessa_molto#Sì,_le_attività_che_intraprende_la_rendono_attiva_nel_campo_della_responsabilità_sociale#I_prodotti_rispettano_sempre_gli_standard_di_qualità_e_sostenibilità##Migliorare_e_diffondere_maggiormente_la_comunicazione_delle_iniziative_intraprese#Pubblicità
11/1/2017_19:35:14#Maschio#Over_50#Catania#Diploma_superiore#Famila#Una_volta_a_settimana#No#Un’azienda_che_non_solo_rispetta_le_leggi_nelle_sue_attività,_ma_si_impegna_per_migliorare_società_e_ambiente#Trattamento_equo_dei_dipendenti#Solo_per_un_ritorno_di_immagine,_quindi_per_profitto#Sì,_se_non_avessi_alternative_valide#No,_non_ho_mai_saputo_nulla_riguardo_attività_di_responsabilità_sociale_da_parte_dell’azienda#Sì,_cerco_sempre_di_abbinare_le_mie_esigenze_con_queste_iniziative#No,_non_in_modo_sufficiente#Sì,_abbastanza#No,_le_attività_che_intraprende_sono_poche_o_del_tutto_mancanti##Poca_trasparenza_circa_le_attività_sostenibili_intraprese#Migliorare_e_diffondere_maggiormente_la_comunicazione_delle_iniziative_intraprese#Codice_etico
11/1/2017_19:35:26#Femmina#25-35#Catania#Licenza_media#ARD#Tre_volte_a_settimana#Sì#Un’azienda_che_non_solo_rispetta_le_leggi_nelle_sue_attività,_ma_si_impegna_per_migliorare_società_e_ambiente#Controllo_dei_prodotti#Ci_credono_veramente#Sì,_se_non_avessi_alternative_valide#Sì,_ne_vengo_a_conoscenza_direttamente_nel_punto_vendita_o_tramite_passa-parola#Non_saprei#Sì,_abbastanza#No,_non_mi_interessa_molto#Sì,_le_attività_che_intraprende_la_rendono_attiva_nel_campo_della_responsabilità_sociale#Attenzione_e_cura_del_rapporto_con_il_cliente##Coinvolgere_maggiormente_il_cliente_nelle_attività_di_beneficienza#Pubblicità
11/1/2017_19:35:50#Femmina#Over_50#Catania#Diploma_superiore#Iperfamila#Una_volta_a_settimana#No#Un’azienda_che_non_solo_rispetta_le_leggi_nelle_sue_attività,_ma_si_impegna_per_migliorare_società_e_ambiente#Controllo_dei_prodotti#Solo_per_un_ritorno_di_immagine,_quindi_per_profitto#No,_anche_se_ne_avessi_necessità#Sì,_ne_vengo_a_conoscenza_direttamente_nel_punto_vendita_o_tramite_passa-parola#No,_generalmente_la_mia_scelta_dipende_da_altri_fattori_(convenienza,_qualità_dei_prodotti,_ecc.)#No,_non_in_modo_sufficiente#Sì,_abbastanza#Sì,_le_attività_che_intraprende_la_rendono_attiva_nel_campo_della_responsabilità_sociale#I_prodotti_rispettano_sempre_gli_standard_di_qualità_e_sostenibilità##Promuovere_iniziative_a_tutela_dell’ambiente#Comunicazione_diretta_al_cliente_in_sede
11/1/2017_19:38:03#Femmina#36-50#Catania#Diploma_superiore#A&O#Tre_volte_a_settimana#Sì#Un’azienda_che_persegue_i_propri_interessi_rispettando_le_leggi_e_pagando_le_tasse#Trattamento_equo_dei_dipendenti#Solo_per_un_ritorno_di_immagine,_quindi_per_profitto#Sì,_se_non_avessi_alternative_valide#No,_non_ho_mai_saputo_nulla_riguardo_attività_di_responsabilità_sociale_da_parte_dell’azienda#No,_generalmente_la_mia_scelta_dipende_da_altri_fattori_(convenienza,_qualità_dei_prodotti,_ecc.)#No,_non_in_modo_sufficiente#No,_non_mi_interessa_molto#Non_saprei##non_so#Promuovere_iniziative_a_tutela_dell’ambiente#Pubblicità
11/1/2017_19:39:31#Maschio#Over_50#Catania#Diploma_superiore#A&O#Una_volta_a_settimana#No#Un’azienda_che_non_solo_rispetta_le_leggi_nelle_sue_attività,_ma_si_impegna_per_migliorare_società_e_ambiente#Trattamento_equo_dei_dipendenti#Solo_per_un_ritorno_di_immagine,_quindi_per_profitto#No,_mai#No,_non_ho_mai_saputo_nulla_riguardo_attività_di_responsabilità_sociale_da_parte_dell’azienda#No,_generalmente_la_mia_scelta_dipende_da_altri_fattori_(convenienza,_qualità_dei_prodotti,_ecc.)#No,_per_niente#No,_non_mi_interessa_molto#Non_saprei##Scarsa_attenzione_e_cura_del_rapporto_con_il_cliente#Organizzare_un_maggior_numero_di_iniziative_legate_a_cause_sociali#Pubblicità
11/1/2017_19:39:57#Femmina#36-50#Catania#Laurea_magistrale#Iperfamila#Tre_volte_a_settimana#No#Un’azienda_che_non_solo_rispetta_le_leggi_nelle_sue_attività,_ma_si_impegna_per_migliorare_società_e_ambiente#Controllo_dei_prodotti#Ci_credono_veramente#No,_anche_se_ne_avessi_necessità#No,_non_ho_mai_saputo_nulla_riguardo_attività_di_responsabilità_sociale_da_parte_dell’azienda#Sì,_cerco_sempre_di_abbinare_le_mie_esigenze_con_queste_iniziative#No,_per_niente#Sì,_abbastanza#Non_saprei##Poca_trasparenza_circa_le_attività_sostenibili_intraprese#Migliorare_e_diffondere_maggiormente_la_comunicazione_delle_iniziative_intraprese#Pubblicità
11/1/2017_19:42:09#Maschio#25-35#Catania#Diploma_superiore#ARD#Tutti_i_giorni#Sì#Un’azienda_che_non_solo_rispetta_le_leggi_nelle_sue_attività,_ma_si_impegna_per_migliorare_società_e_ambiente#Controllo_dei_prodotti#Solo_per_un_ritorno_di_immagine,_quindi_per_profitto#Sì,_se_non_avessi_alternative_valide#Sì,_ne_vengo_a_conoscenza_direttamente_nel_punto_vendita_o_tramite_passa-parola#Sì,_cerco_sempre_di_abbinare_le_mie_esigenze_con_queste_iniziative#No,_non_in_modo_sufficiente#Sì,_molto#Sì,_le_attività_che_intraprende_la_rendono_attiva_nel_campo_della_responsabilità_sociale#I_prodotti_rispettano_sempre_gli_standard_di_qualità_e_sostenibilità##Coinvolgere_maggiormente_il_cliente_nelle_attività_di_beneficienza#Pubblicità
11/1/2017_19:42:21#Femmina#25-35#Catania#Licenza_media#A&O#Una_volta_a_settimana#No#Un’azienda_che_non_solo_rispetta_le_leggi_nelle_sue_attività,_ma_si_impegna_per_migliorare_società_e_ambiente#Controllo_dei_prodotti#Solo_per_un_ritorno_di_immagine,_quindi_per_profitto#Sì,_se_non_avessi_alternative_valide#No,_non_ho_mai_saputo_nulla_riguardo_attività_di_responsabilità_sociale_da_parte_dell’azienda#No,_generalmente_la_mia_scelta_dipende_da_altri_fattori_(convenienza,_qualità_dei_prodotti,_ecc.)#Sì,_abbastanza#No,_non_mi_interessa_molto#Non_saprei###Organizzare_un_maggior_numero_di_iniziative_legate_a_cause_sociali#Pubblicità
11/1/2017_19:43:15#Femmina#36-50#Catania#Laurea_magistrale#Famila#Tre_volte_a_settimana#Sì#Un’azienda_che_non_solo_rispetta_le_leggi_nelle_sue_attività,_ma_si_impegna_per_migliorare_società_e_ambiente#Controllo_dei_prodotti#Solo_per_un_ritorno_di_immagine,_quindi_per_profitto#Sì,_se_non_avessi_alternative_valide#No,_non_ho_mai_saputo_nulla_riguardo_attività_di_responsabilità_sociale_da_parte_dell’azienda#Non_saprei#No,_non_in_modo_sufficiente#No,_non_mi_interessa_molto#Non_saprei###Organizzare_un_maggior_numero_di_iniziative_legate_a_cause_sociali#Pubblicità
11/1/2017_19:45:05#Femmina#Over_50#Catania#Diploma_superiore#Iperfamila#Una_volta_a_settimana#Sì#Un’azienda_che_non_solo_rispetta_le_leggi_nelle_sue_attività,_ma_si_impegna_per_migliorare_società_e_ambiente#Trattamento_equo_dei_dipendenti#Ci_credono_veramente#Sì,_se_non_avessi_alternative_valide#No,_non_ho_mai_saputo_nulla_riguardo_attività_di_responsabilità_sociale_da_parte_dell’azienda#Sì,_cerco_sempre_di_abbinare_le_mie_esigenze_con_queste_iniziative#No,_non_in_modo_sufficiente#Sì,_abbastanza#Non_saprei###Migliorare_e_diffondere_maggiormente_la_comunicazione_delle_iniziative_intraprese#Report_su_sito_web
11/1/2017_19:45:29#Maschio#Over_50#Catania#Diploma_superiore#A&O#Tre_volte_a_settimana#No#Un’azienda_che_non_solo_rispetta_le_leggi_nelle_sue_attività,_ma_si_impegna_per_migliorare_società_e_ambiente#Controllo_dei_prodotti#Ci_credono_veramente#No,_anche_se_ne_avessi_necessità#No,_non_ho_mai_saputo_nulla_riguardo_attività_di_responsabilità_sociale_da_parte_dell’azienda#Sì,_cerco_sempre_di_abbinare_le_mie_esigenze_con_queste_iniziative#Sì,_abbastanza#Sì,_abbastanza#Sì,_le_attività_che_intraprende_la_rendono_attiva_nel_campo_della_responsabilità_sociale#I_prodotti_rispettano_sempre_gli_standard_di_qualità_e_sostenibilità##Promuovere_iniziative_a_tutela_dell’ambiente#Pubblicità
11/1/2017_19:45:36#Femmina#36-50#Catania#Diploma_superiore#A&O#Tre_volte_a_settimana#Sì#Un’azienda_che_non_solo_rispetta_le_leggi_nelle_sue_attività,_ma_si_impegna_per_migliorare_società_e_ambiente#Controllo_dei_prodotti#Ci_credono_veramente#No,_mai#No,_non_ho_mai_saputo_nulla_riguardo_attività_di_responsabilità_sociale_da_parte_dell’azienda#No,_generalmente_la_mia_scelta_dipende_da_altri_fattori_(convenienza,_qualità_dei_prodotti,_ecc.)#Sì,_abbastanza#Sì,_molto#Non_saprei###Coinvolgere_maggiormente_il_cliente_nelle_attività_di_beneficienza#Pubblicità
11/1/2017_19:47:36#Femmina#Over_50#Catania#Diploma_superiore#Famila#Tre_volte_a_settimana#No#Un’azienda_che_non_solo_rispetta_le_leggi_nelle_sue_attività,_ma_si_impegna_per_migliorare_società_e_ambiente#Controllo_dei_prodotti#Solo_per_un_ritorno_di_immagine,_quindi_per_profitto#Sì,_sempre#Sì,_ne_vengo_a_conoscenza_direttamente_nel_punto_vendita_o_tramite_passa-parola#No,_generalmente_la_mia_scelta_dipende_da_altri_fattori_(convenienza,_qualità_dei_prodotti,_ecc.)#No,_non_in_modo_sufficiente#Sì,_abbastanza#No,_le_attività_che_intraprende_sono_poche_o_del_tutto_mancanti##Poca_trasparenza_circa_le_attività_sostenibili_intraprese#Migliorare_e_diffondere_maggiormente_la_comunicazione_delle_iniziative_intraprese#Pubblicità
11/1/2017_19:47:49#Femmina#36-50#Catania#Licenza_media#A&O#Tutti_i_giorni#Sì#Un’azienda_che_fa_donazioni_e_sostiene_grandi_cause_sociali_esterne_all’azienda_stessa#Controllo_dei_prodotti#Ci_credono_veramente#Sì,_sempre#Sì,_ne_vengo_a_conoscenza_direttamente_nel_punto_vendita_o_tramite_passa-parola#No,_generalmente_la_mia_scelta_dipende_da_altri_fattori_(convenienza,_qualità_dei_prodotti,_ecc.)#No,_non_in_modo_sufficiente#Sì,_abbastanza#No,_le_attività_che_intraprende_sono_poche_o_del_tutto_mancanti##Poca_trasparenza_circa_le_attività_sostenibili_intraprese#Migliorare_e_diffondere_maggiormente_la_comunicazione_delle_iniziative_intraprese#Report_su_sito_web
11/1/2017_19:49:01#Femmina#18-24#Catania#Diploma_superiore#Iperfamila#Una_volta_a_settimana#No#Un’azienda_che_fa_donazioni_e_sostiene_grandi_cause_sociali_esterne_all’azienda_stessa#Controllo_dei_prodotti#Solo_per_un_ritorno_di_immagine,_quindi_per_profitto#Sì,_se_non_avessi_alternative_valide#No,_non_ho_mai_saputo_nulla_riguardo_attività_di_responsabilità_sociale_da_parte_dell’azienda#No,_generalmente_la_mia_scelta_dipende_da_altri_fattori_(convenienza,_qualità_dei_prodotti,_ecc.)#No,_non_in_modo_sufficiente#Sì,_abbastanza#Non_saprei##Appoggio_scarso_o_del_tutto_mancante_ad_enti_no_profit#Migliorare_e_diffondere_maggiormente_la_comunicazione_delle_iniziative_intraprese#Pubblicità
11/1/2017_19:56:19#Maschio#36-50#Catania#Diploma_superiore#ARD#Una_volta_a_settimana#No#Un’azienda_che_non_solo_rispetta_le_leggi_nelle_sue_attività,_ma_si_impegna_per_migliorare_società_e_ambiente#Controllo_dei_prodotti#Ci_credono_veramente#Sì,_sempre#No,_non_ho_mai_saputo_nulla_riguardo_attività_di_responsabilità_sociale_da_parte_dell’azienda#No,_generalmente_la_mia_scelta_dipende_da_altri_fattori_(convenienza,_qualità_dei_prodotti,_ecc.)#No,_non_in_modo_sufficiente#Sì,_abbastanza#Non_saprei##Non_ne_ho_mai_sentito_parlare_prima#Promuovere_iniziative_a_tutela_dell’ambiente#Pubblicità
11/1/2017_19:57:18#Femmina#18-24#Catania#Diploma_superiore#Iperfamila#Una_volta_a_settimana#No#Un’azienda_che_non_solo_rispetta_le_leggi_nelle_sue_attività,_ma_si_impegna_per_migliorare_società_e_ambiente#Controllo_dei_prodotti#Solo_per_un_ritorno_di_immagine,_quindi_per_profitto#Sì,_se_non_avessi_alternative_valide#No,_non_ho_mai_saputo_nulla_riguardo_attività_di_responsabilità_sociale_da_parte_dell’azienda#Non_saprei#No,_non_in_modo_sufficiente#Sì,_abbastanza#Sì,_le_attività_che_intraprende_la_rendono_attiva_nel_campo_della_responsabilità_sociale#I_prodotti_rispettano_sempre_gli_standard_di_qualità_e_sostenibilità##Coinvolgere_maggiormente_il_cliente_nelle_attività_di_beneficienza#Report_su_sito_web
11/1/2017_19:58:34#Femmina#18-24#Catania#Diploma_superiore#Famila#Una_volta_a_settimana#Sì#Un’azienda_che_non_solo_rispetta_le_leggi_nelle_sue_attività,_ma_si_impegna_per_migliorare_società_e_ambiente#Sostegno_ad_associazioni_no_profit#Ci_credono_veramente#No,_anche_se_ne_avessi_necessità#Sì,_ne_vengo_a_conoscenza_direttamente_nel_punto_vendita_o_tramite_passa-parola#Sì,_cerco_sempre_di_abbinare_le_mie_esigenze_con_queste_iniziative#Sì,_abbastanza#Sì,_abbastanza#Sì,_le_attività_che_intraprende_la_rendono_attiva_nel_campo_della_responsabilità_sociale#Attenzione_e_cura_del_rapporto_con_il_cliente##Promuovere_iniziative_a_tutela_dell’ambiente#Pubblicità
11/1/2017_19:58:55#Maschio#Over_50#Catania#Laurea_magistrale#Famila#Tre_volte_a_settimana#Sì#Un’azienda_che_non_solo_rispetta_le_leggi_nelle_sue_attività,_ma_si_impegna_per_migliorare_società_e_ambiente#Controllo_dei_prodotti#Ci_credono_veramente#Sì,_se_non_avessi_alternative_valide#No,_non_ho_mai_saputo_nulla_riguardo_attività_di_responsabilità_sociale_da_parte_dell’azienda#Sì,_cerco_sempre_di_abbinare_le_mie_esigenze_con_queste_iniziative#No,_non_in_modo_sufficiente#Sì,_abbastanza#Non_saprei###Migliorare_e_diffondere_maggiormente_la_comunicazione_delle_iniziative_intraprese#Codice_etico
11/1/2017_20:00:50#Femmina#Over_50#Catania#Laurea_magistrale#A&O#Una_volta_a_settimana#Sì#Un’azienda_che_non_solo_rispetta_le_leggi_nelle_sue_attività,_ma_si_impegna_per_migliorare_società_e_ambiente#Rispetto_per_l’ambiente#Solo_per_un_ritorno_di_immagine,_quindi_per_profitto#Sì,_se_non_avessi_alternative_valide#No,_non_ho_mai_saputo_nulla_riguardo_attività_di_responsabilità_sociale_da_parte_dell’azienda#Sì,_cerco_sempre_di_abbinare_le_mie_esigenze_con_queste_iniziative#No,_per_niente#No,_non_mi_interessa_molto#Non_saprei###Organizzare_un_maggior_numero_di_iniziative_legate_a_cause_sociali#Report_su_sito_web
11/1/2017_20:00:53#Femmina#Over_50#Catania#Laurea_magistrale#A&O#Una_volta_a_settimana#Sì#Un’azienda_che_non_solo_rispetta_le_leggi_nelle_sue_attività,_ma_si_impegna_per_migliorare_società_e_ambiente#Rispetto_per_l’ambiente#Solo_per_un_ritorno_di_immagine,_quindi_per_profitto#Sì,_se_non_avessi_alternative_valide#No,_non_ho_mai_saputo_nulla_riguardo_attività_di_responsabilità_sociale_da_parte_dell’azienda#Sì,_cerco_sempre_di_abbinare_le_mie_esigenze_con_queste_iniziative#No,_per_niente#No,_non_mi_interessa_molto#Non_saprei###Organizzare_un_maggior_numero_di_iniziative_legate_a_cause_sociali#Report_su_sito_web
11/1/2017_20:00:55#Femmina#36-50#Catania#Licenza_media#Iperfamila#Tre_volte_a_settimana#Sì#Un’azienda_che_non_solo_rispetta_le_leggi_nelle_sue_attività,_ma_si_impegna_per_migliorare_società_e_ambiente#Controllo_dei_prodotti#Ci_credono_veramente#Sì,_se_non_avessi_alternative_valide#Sì,_ne_vengo_a_conoscenza_direttamente_nel_punto_vendita_o_tramite_passa-parola#Sì,_cerco_sempre_di_abbinare_le_mie_esigenze_con_queste_iniziative#Sì,_abbastanza#Sì,_molto#Sì,_le_attività_che_intraprende_la_rendono_attiva_nel_campo_della_responsabilità_sociale#Attenzione_e_cura_del_rapporto_con_il_cliente##Organizzare_un_maggior_numero_di_iniziative_legate_a_cause_sociali#Pubblicità
11/1/2017_20:01:04#Maschio#18-24#Catania#Diploma_superiore#Famila#Una_volta_a_settimana#No#Un’azienda_che_non_solo_rispetta_le_leggi_nelle_sue_attività,_ma_si_impegna_per_migliorare_società_e_ambiente#Trattamento_equo_dei_dipendenti#Ci_credono_veramente#Sì,_se_non_avessi_alternative_valide#No,_non_ho_mai_saputo_nulla_riguardo_attività_di_responsabilità_sociale_da_parte_dell’azienda#No,_generalmente_la_mia_scelta_dipende_da_altri_fattori_(convenienza,_qualità_dei_prodotti,_ecc.)#Sì,_abbastanza#No,_non_mi_interessa_molto#Sì,_le_attività_che_intraprende_la_rendono_attiva_nel_campo_della_responsabilità_sociale#L’azienda_mette_spesso_in_campo_iniziative_di_sostegno_ad_associazioni_no_profit##Migliorare_e_diffondere_maggiormente_la_comunicazione_delle_iniziative_intraprese#Pubblicità
11/1/2017_20:01:07#Femmina#25-35#Catania#Laurea_magistrale#Iperfamila#Una_volta_a_settimana#No#Un’azienda_che_non_solo_rispetta_le_leggi_nelle_sue_attività,_ma_si_impegna_per_migliorare_società_e_ambiente#Controllo_dei_prodotti#Ci_credono_veramente#Sì,_se_non_avessi_alternative_valide#No,_non_ho_mai_saputo_nulla_riguardo_attività_di_responsabilità_sociale_da_parte_dell’azienda#No,_generalmente_la_mia_scelta_dipende_da_altri_fattori_(convenienza,_qualità_dei_prodotti,_ecc.)#No,_non_in_modo_sufficiente#Sì,_abbastanza#Non_saprei###Migliorare_e_diffondere_maggiormente_la_comunicazione_delle_iniziative_intraprese#Pubblicità
11/1/2017_20:02:45#Maschio#36-50#Catania#Diploma_superiore#A&O#Tre_volte_a_settimana#No#Un’azienda_che_non_solo_rispetta_le_leggi_nelle_sue_attività,_ma_si_impegna_per_migliorare_società_e_ambiente#Trattamento_equo_dei_dipendenti#Ci_credono_veramente#Sì,_se_non_avessi_alternative_valide#Sì,_ne_vengo_a_conoscenza_direttamente_nel_punto_vendita_o_tramite_passa-parola#No,_generalmente_la_mia_scelta_dipende_da_altri_fattori_(convenienza,_qualità_dei_prodotti,_ecc.)#Sì,_abbastanza#No,_non_mi_interessa_molto#Sì,_le_attività_che_intraprende_la_rendono_attiva_nel_campo_della_responsabilità_sociale#L’azienda_mette_spesso_in_campo_iniziative_di_sostegno_ad_associazioni_no_profit##Coinvolgere_maggiormente_il_cliente_nelle_attività_di_beneficienza#Pubblicità
11/1/2017_20:03:41#Femmina#36-50#Catania#Licenza_media#ARD#Tre_volte_a_settimana#No#Un’azienda_che_non_solo_rispetta_le_leggi_nelle_sue_attività,_ma_si_impegna_per_migliorare_società_e_ambiente#Controllo_dei_prodotti#Ci_credono_veramente#Sì,_se_non_avessi_alternative_valide#Sì,_ne_vengo_a_conoscenza_direttamente_nel_punto_vendita_o_tramite_passa-parola#Sì,_cerco_sempre_di_abbinare_le_mie_esigenze_con_queste_iniziative#Sì,_abbastanza#Sì,_abbastanza#Sì,_le_attività_che_intraprende_la_rendono_attiva_nel_campo_della_responsabilità_sociale#L’azienda_mette_spesso_in_campo_iniziative_di_sostegno_ad_associazioni_no_profit##Organizzare_un_maggior_numero_di_iniziative_legate_a_cause_sociali#Pubblicità
11/1/2017_20:03:57#Femmina#36-50#Catania#Diploma_superiore#ARD#Una_volta_a_settimana#Sì#Un’azienda_che_fa_donazioni_e_sostiene_grandi_cause_sociali_esterne_all’azienda_stessa#Controllo_dei_prodotti#Solo_per_un_ritorno_di_immagine,_quindi_per_profitto#Sì,_se_non_avessi_alternative_valide#No,_non_ho_mai_saputo_nulla_riguardo_attività_di_responsabilità_sociale_da_parte_dell’azienda#No,_generalmente_la_mia_scelta_dipende_da_altri_fattori_(convenienza,_qualità_dei_prodotti,_ecc.)#No,_non_in_modo_sufficiente#Sì,_abbastanza#Non_saprei###Organizzare_un_maggior_numero_di_iniziative_legate_a_cause_sociali#Pubblicità
11/1/2017_20:05:03#Femmina#36-50#Catania#Diploma_superiore#A&O#Una_volta_a_settimana#Sì#Un’azienda_che_non_solo_rispetta_le_leggi_nelle_sue_attività,_ma_si_impegna_per_migliorare_società_e_ambiente#Controllo_dei_prodotti#Solo_per_un_ritorno_di_immagine,_quindi_per_profitto#Sì,_se_non_avessi_alternative_valide#No,_non_ho_mai_saputo_nulla_riguardo_attività_di_responsabilità_sociale_da_parte_dell’azienda#No,_generalmente_la_mia_scelta_dipende_da_altri_fattori_(convenienza,_qualità_dei_prodotti,_ecc.)#No,_non_in_modo_sufficiente#No,_non_mi_interessa_molto#Non_saprei###Migliorare_e_diffondere_maggiormente_la_comunicazione_delle_iniziative_intraprese#Pubblicità
11/1/2017_20:07:09#Femmina#Over_50#Catania#Diploma_superiore#ARD#Una_volta_a_settimana#No#Un’azienda_che_non_solo_rispetta_le_leggi_nelle_sue_attività,_ma_si_impegna_per_migliorare_società_e_ambiente#Controllo_dei_prodotti#Ci_credono_veramente#Sì,_se_non_avessi_alternative_valide#No,_non_ho_mai_saputo_nulla_riguardo_attività_di_responsabilità_sociale_da_parte_dell’azienda#No,_generalmente_la_mia_scelta_dipende_da_altri_fattori_(convenienza,_qualità_dei_prodotti,_ecc.)#No,_non_in_modo_sufficiente#No,_non_mi_interessa_molto#Non_saprei###Promuovere_iniziative_a_tutela_dell’ambiente#Pubblicità
11/1/2017_20:07:42#Maschio#Over_50#Catania#Laurea_triennale#ARD#Tre_volte_a_settimana#Sì#Un’azienda_che_persegue_i_propri_interessi_rispettando_le_leggi_e_pagando_le_tasse#Controllo_dei_prodotti#Solo_per_un_ritorno_di_immagine,_quindi_per_profitto#Sì,_se_non_avessi_alternative_valide#No,_non_ho_mai_saputo_nulla_riguardo_attività_di_responsabilità_sociale_da_parte_dell’azienda#No,_generalmente_la_mia_scelta_dipende_da_altri_fattori_(convenienza,_qualità_dei_prodotti,_ecc.)#Sì,_abbastanza#No,_non_mi_interessa_molto#Sì,_le_attività_che_intraprende_la_rendono_attiva_nel_campo_della_responsabilità_sociale#Attenzione_e_cura_del_rapporto_con_il_cliente##Coinvolgere_maggiormente_il_cliente_nelle_attività_di_beneficienza#Pubblicità
11/1/2017_20:12:02#Maschio#36-50#London_#Laurea_triennale#ARD#Tutti_i_giorni#No#Un’azienda_che_fa_donazioni_e_sostiene_grandi_cause_sociali_esterne_all’azienda_stessa#Controllo_dei_prodotti#Solo_per_un_ritorno_di_immagine,_quindi_per_profitto#Sì,_se_non_avessi_alternative_valide#No,_non_ho_mai_saputo_nulla_riguardo_attività_di_responsabilità_sociale_da_parte_dell’azienda#No,_generalmente_la_mia_scelta_dipende_da_altri_fattori_(convenienza,_qualità_dei_prodotti,_ecc.)#No,_per_niente#Sì,_abbastanza#Non_saprei###Coinvolgere_maggiormente_il_cliente_nelle_attività_di_beneficienza#Pubblicità
11/1/2017_20:14:01#Femmina#Over_50#Catania#Diploma_superiore#Famila#Una_volta_a_settimana#Sì#Un’azienda_che_non_solo_rispetta_le_leggi_nelle_sue_attività,_ma_si_impegna_per_migliorare_società_e_ambiente#Controllo_dei_prodotti#Solo_per_un_ritorno_di_immagine,_quindi_per_profitto#Sì,_se_non_avessi_alternative_valide#Sì,_ne_vengo_a_conoscenza_direttamente_nel_punto_vendita_o_tramite_passa-parola#No,_generalmente_la_mia_scelta_dipende_da_altri_fattori_(convenienza,_qualità_dei_prodotti,_ecc.)#Sì,_abbastanza#Sì,_abbastanza#Non_saprei###Coinvolgere_maggiormente_il_cliente_nelle_attività_di_beneficienza#Pubblicità
11/1/2017_20:14:01#Femmina#Over_50#Catania#Diploma_superiore#Famila#Una_volta_a_settimana#Sì#Un’azienda_che_non_solo_rispetta_le_leggi_nelle_sue_attività,_ma_si_impegna_per_migliorare_società_e_ambiente#Controllo_dei_prodotti#Solo_per_un_ritorno_di_immagine,_quindi_per_profitto#Sì,_se_non_avessi_alternative_valide#Sì,_ne_vengo_a_conoscenza_direttamente_nel_punto_vendita_o_tramite_passa-parola#No,_generalmente_la_mia_scelta_dipende_da_altri_fattori_(convenienza,_qualità_dei_prodotti,_ecc.)#Sì,_abbastanza#Sì,_abbastanza#Non_saprei###Coinvolgere_maggiormente_il_cliente_nelle_attività_di_beneficienza#Pubblicità
11/1/2017_20:15:04#Femmina#Over_50#Catania#Diploma_superiore#Famila#Una_volta_a_settimana#Sì#Un’azienda_che_non_solo_rispetta_le_leggi_nelle_sue_attività,_ma_si_impegna_per_migliorare_società_e_ambiente#Controllo_dei_prodotti#Solo_per_un_ritorno_di_immagine,_quindi_per_profitto#Sì,_se_non_avessi_alternative_valide#Sì,_ne_vengo_a_conoscenza_direttamente_nel_punto_vendita_o_tramite_passa-parola#No,_generalmente_la_mia_scelta_dipende_da_altri_fattori_(convenienza,_qualità_dei_prodotti,_ecc.)#Sì,_abbastanza#Sì,_abbastanza#Non_saprei###Coinvolgere_maggiormente_il_cliente_nelle_attività_di_beneficienza#Pubblicità
11/1/2017_20:16:00#Femmina#36-50#Catania#Diploma_superiore#Famila#Tre_volte_a_settimana#No#Un’azienda_che_non_solo_rispetta_le_leggi_nelle_sue_attività,_ma_si_impegna_per_migliorare_società_e_ambiente#Controllo_dei_prodotti#Ci_credono_veramente#No,_anche_se_ne_avessi_necessità#Sì,_ne_vengo_a_conoscenza_direttamente_nel_punto_vendita_o_tramite_passa-parola#Sì,_cerco_sempre_di_abbinare_le_mie_esigenze_con_queste_iniziative#No,_non_in_modo_sufficiente#Sì,_abbastanza#Sì,_le_attività_che_intraprende_la_rendono_attiva_nel_campo_della_responsabilità_sociale#I_prodotti_rispettano_sempre_gli_standard_di_qualità_e_sostenibilità##Migliorare_e_diffondere_maggiormente_la_comunicazione_delle_iniziative_intraprese#Report_su_sito_web
11/1/2017_20:16:28#Femmina#36-50#Catania#Laurea_magistrale#Famila#Tutti_i_giorni#Sì#Un’azienda_che_non_solo_rispetta_le_leggi_nelle_sue_attività,_ma_si_impegna_per_migliorare_società_e_ambiente#Controllo_dei_prodotti#Ci_credono_veramente#Sì,_se_non_avessi_alternative_valide#Sì,_ne_vengo_a_conoscenza_direttamente_nel_punto_vendita_o_tramite_passa-parola#Sì,_cerco_sempre_di_abbinare_le_mie_esigenze_con_queste_iniziative#Sì,_abbastanza#Sì,_abbastanza#Sì,_le_attività_che_intraprende_la_rendono_attiva_nel_campo_della_responsabilità_sociale#I_prodotti_rispettano_sempre_gli_standard_di_qualità_e_sostenibilità##Migliorare_e_diffondere_maggiormente_la_comunicazione_delle_iniziative_intraprese#Pubblicità
11/1/2017_20:17:39#Femmina#36-50#Catania#Licenza_media#ARD#Tre_volte_a_settimana#Sì#Un’azienda_che_non_solo_rispetta_le_leggi_nelle_sue_attività,_ma_si_impegna_per_migliorare_società_e_ambiente#Controllo_dei_prodotti#Solo_per_un_ritorno_di_immagine,_quindi_per_profitto#No,_anche_se_ne_avessi_necessità#No,_non_ho_mai_saputo_nulla_riguardo_attività_di_responsabilità_sociale_da_parte_dell’azienda#Sì,_cerco_sempre_di_abbinare_le_mie_esigenze_con_queste_iniziative#Sì,_abbastanza#Sì,_molto#Sì,_le_attività_che_intraprende_la_rendono_attiva_nel_campo_della_responsabilità_sociale#I_prodotti_rispettano_sempre_gli_standard_di_qualità_e_sostenibilità##Promuovere_iniziative_a_tutela_dell’ambiente#Codice_etico
11/1/2017_20:19:22#Femmina#Over_50#Catania#Diploma_superiore#Iperfamila#Una_volta_a_settimana#No#Un’azienda_che_non_solo_rispetta_le_leggi_nelle_sue_attività,_ma_si_impegna_per_migliorare_società_e_ambiente#Controllo_dei_prodotti#Solo_per_un_ritorno_di_immagine,_quindi_per_profitto#No,_anche_se_ne_avessi_necessità#No,_non_ho_mai_saputo_nulla_riguardo_attività_di_responsabilità_sociale_da_parte_dell’azienda#No,_generalmente_la_mia_scelta_dipende_da_altri_fattori_(convenienza,_qualità_dei_prodotti,_ecc.)#No,_non_in_modo_sufficiente#No,_non_mi_interessa_molto#Non_saprei##Poca_trasparenza_circa_le_attività_sostenibili_intraprese#Migliorare_e_diffondere_maggiormente_la_comunicazione_delle_iniziative_intraprese#Pubblicità
11/1/2017_20:22:06#Maschio#Over_50#Catania#Diploma_superiore#A&O#Una_volta_a_settimana#No#Un’azienda_che_non_solo_rispetta_le_leggi_nelle_sue_attività,_ma_si_impegna_per_migliorare_società_e_ambiente#Controllo_dei_prodotti#Ci_credono_veramente#Sì,_se_non_avessi_alternative_valide#Sì,_ne_vengo_a_conoscenza_direttamente_nel_punto_vendita_o_tramite_passa-parola#No,_generalmente_la_mia_scelta_dipende_da_altri_fattori_(convenienza,_qualità_dei_prodotti,_ecc.)#Sì,_abbastanza#Sì,_abbastanza#Sì,_le_attività_che_intraprende_la_rendono_attiva_nel_campo_della_responsabilità_sociale#L’azienda_mette_spesso_in_campo_iniziative_di_sostegno_ad_associazioni_no_profit##Migliorare_e_diffondere_maggiormente_la_comunicazione_delle_iniziative_intraprese#Pubblicità
11/1/2017_20:39:18#Femmina#Over_50#Catania#Diploma_superiore#A&O#Una_volta_a_settimana#No#Un’azienda_che_non_solo_rispetta_le_leggi_nelle_sue_attività,_ma_si_impegna_per_migliorare_società_e_ambiente#Controllo_dei_prodotti#Solo_per_un_ritorno_di_immagine,_quindi_per_profitto#Sì,_se_non_avessi_alternative_valide#Sì,_ne_vengo_a_conoscenza_direttamente_nel_punto_vendita_o_tramite_passa-parola#No,_generalmente_la_mia_scelta_dipende_da_altri_fattori_(convenienza,_qualità_dei_prodotti,_ecc.)#Sì,_abbastanza#Sì,_abbastanza#Non_saprei###Migliorare_e_diffondere_maggiormente_la_comunicazione_delle_iniziative_intraprese#Report_su_sito_web
11/1/2017_20:44:09#Femmina#36-50#Catania#Diploma_superiore#Famila#Tre_volte_a_settimana#No#Un’azienda_che_fa_donazioni_e_sostiene_grandi_cause_sociali_esterne_all’azienda_stessa#Controllo_dei_prodotti#Ci_credono_veramente#Sì,_se_non_avessi_alternative_valide#No,_non_ho_mai_saputo_nulla_riguardo_attività_di_responsabilità_sociale_da_parte_dell’azienda#No,_generalmente_la_mia_scelta_dipende_da_altri_fattori_(convenienza,_qualità_dei_prodotti,_ecc.)#No,_non_in_modo_sufficiente#Sì,_abbastanza#Non_saprei###Migliorare_e_diffondere_maggiormente_la_comunicazione_delle_iniziative_intraprese#Pubblicità
11/1/2017_20:46:53#Maschio#36-50#Catania#Diploma_superiore#A&O#Tre_volte_a_settimana#Sì#Un’azienda_che_non_solo_rispetta_le_leggi_nelle_sue_attività,_ma_si_impegna_per_migliorare_società_e_ambiente#Trattamento_equo_dei_dipendenti#Solo_per_un_ritorno_di_immagine,_quindi_per_profitto#No,_mai#Sì,_ne_vengo_a_conoscenza_direttamente_nel_punto_vendita_o_tramite_passa-parola#No,_generalmente_la_mia_scelta_dipende_da_altri_fattori_(convenienza,_qualità_dei_prodotti,_ecc.)#No,_non_in_modo_sufficiente#Sì,_abbastanza#Sì,_le_attività_che_intraprende_la_rendono_attiva_nel_campo_della_responsabilità_sociale#I_prodotti_rispettano_sempre_gli_standard_di_qualità_e_sostenibilità##Organizzare_un_maggior_numero_di_iniziative_legate_a_cause_sociali#Report_su_sito_web
11/1/2017_20:51:16#Femmina#36-50#Catania#Diploma_superiore#Iperfamila#Una_volta_a_settimana#No#Un’azienda_che_fa_donazioni_e_sostiene_grandi_cause_sociali_esterne_all’azienda_stessa#Sostegno_ad_associazioni_no_profit#Solo_per_un_ritorno_di_immagine,_quindi_per_profitto#Sì,_se_non_avessi_alternative_valide#No,_non_ho_mai_saputo_nulla_riguardo_attività_di_responsabilità_sociale_da_parte_dell’azienda#No,_generalmente_la_mia_scelta_dipende_da_altri_fattori_(convenienza,_qualità_dei_prodotti,_ecc.)#No,_non_in_modo_sufficiente#No,_per_niente#Non_saprei##Poca_informazione#Promuovere_iniziative_a_tutela_dell’ambiente#Pubblicità
11/1/2017_20:52:40#Maschio#Over_50#Catania#Laurea_magistrale#Famila#Tre_volte_a_settimana#Sì#Un’azienda_che_non_solo_rispetta_le_leggi_nelle_sue_attività,_ma_si_impegna_per_migliorare_società_e_ambiente#Controllo_dei_prodotti#Solo_per_un_ritorno_di_immagine,_quindi_per_profitto#Sì,_se_non_avessi_alternative_valide#No,_non_ho_mai_saputo_nulla_riguardo_attività_di_responsabilità_sociale_da_parte_dell’azienda#Sì,_cerco_sempre_di_abbinare_le_mie_esigenze_con_queste_iniziative#Sì,_abbastanza#Sì,_abbastanza#Sì,_le_attività_che_intraprende_la_rendono_attiva_nel_campo_della_responsabilità_sociale#I_prodotti_rispettano_sempre_gli_standard_di_qualità_e_sostenibilità##Migliorare_e_diffondere_maggiormente_la_comunicazione_delle_iniziative_intraprese#Report_su_sito_web
11/1/2017_21:04:47#Femmina#Over_50#Catania#Diploma_superiore#Iperfamila#Una_volta_a_settimana#Sì#Un’azienda_che_non_solo_rispetta_le_leggi_nelle_sue_attività,_ma_si_impegna_per_migliorare_società_e_ambiente#Trattamento_equo_dei_dipendenti#Ci_credono_veramente#No,_mai#Sì,_ne_vengo_a_conoscenza_direttamente_nel_punto_vendita_o_tramite_passa-parola#Sì,_cerco_sempre_di_abbinare_le_mie_esigenze_con_queste_iniziative#Sì,_abbastanza#Sì,_molto#Sì,_le_attività_che_intraprende_la_rendono_attiva_nel_campo_della_responsabilità_sociale#I_prodotti_rispettano_sempre_gli_standard_di_qualità_e_sostenibilità##Organizzare_un_maggior_numero_di_iniziative_legate_a_cause_sociali#Pubblicità
11/1/2017_21:20:40#Femmina#25-35#Catania#Diploma_superiore#Iperfamila#Tre_volte_a_settimana#No#Un’azienda_che_non_solo_rispetta_le_leggi_nelle_sue_attività,_ma_si_impegna_per_migliorare_società_e_ambiente#Controllo_dei_prodotti#Solo_per_un_ritorno_di_immagine,_quindi_per_profitto#Sì,_se_non_avessi_alternative_valide#No,_non_ho_mai_saputo_nulla_riguardo_attività_di_responsabilità_sociale_da_parte_dell’azienda#No,_generalmente_la_mia_scelta_dipende_da_altri_fattori_(convenienza,_qualità_dei_prodotti,_ecc.)#No,_non_in_modo_sufficiente#No,_non_mi_interessa_molto#Non_saprei###Coinvolgere_maggiormente_il_cliente_nelle_attività_di_beneficienza#Pubblicità
11/1/2017_21:32:48#Maschio#Over_50#Catania#Diploma_superiore#ARD#Una_volta_a_settimana#No#Un’azienda_che_non_solo_rispetta_le_leggi_nelle_sue_attività,_ma_si_impegna_per_migliorare_società_e_ambiente#Controllo_dei_prodotti#Solo_per_un_ritorno_di_immagine,_quindi_per_profitto#Sì,_se_non_avessi_alternative_valide#No,_non_ho_mai_saputo_nulla_riguardo_attività_di_responsabilità_sociale_da_parte_dell’azienda#No,_generalmente_la_mia_scelta_dipende_da_altri_fattori_(convenienza,_qualità_dei_prodotti,_ecc.)#Sì,_decisamente#No,_non_mi_interessa_molto#Non_saprei###Promuovere_iniziative_a_tutela_dell’ambiente#Pubblicità
11/1/2017_21:54:38#Femmina#Over_50#Catania#Laurea_magistrale#Famila#Tre_volte_a_settimana#Sì#Un’azienda_che_non_solo_rispetta_le_leggi_nelle_sue_attività,_ma_si_impegna_per_migliorare_società_e_ambiente#Rispetto_per_l’ambiente#Solo_per_un_ritorno_di_immagine,_quindi_per_profitto#Sì,_se_non_avessi_alternative_valide#No,_non_ho_mai_saputo_nulla_riguardo_attività_di_responsabilità_sociale_da_parte_dell’azienda#Sì,_cerco_sempre_di_abbinare_le_mie_esigenze_con_queste_iniziative#No,_non_in_modo_sufficiente#Sì,_abbastanza#No,_le_attività_che_intraprende_sono_poche_o_del_tutto_mancanti##Mancanza_di_iniziative_sul_tema_della_difesa_dell’ambiente#Migliorare_e_diffondere_maggiormente_la_comunicazione_delle_iniziative_intraprese#Pubblicità
11/1/2017_22:18:27#Femmina#18-24#Catania#Laurea_triennale#A&O#Tre_volte_a_settimana#No#Un’azienda_che_non_solo_rispetta_le_leggi_nelle_sue_attività,_ma_si_impegna_per_migliorare_società_e_ambiente#Controllo_dei_prodotti#Solo_per_un_ritorno_di_immagine,_quindi_per_profitto#Sì,_se_non_avessi_alternative_valide#No,_non_ho_mai_saputo_nulla_riguardo_attività_di_responsabilità_sociale_da_parte_dell’azienda#Sì,_cerco_sempre_di_abbinare_le_mie_esigenze_con_queste_iniziative#No,_non_in_modo_sufficiente#Sì,_abbastanza#Non_saprei###Migliorare_e_diffondere_maggiormente_la_comunicazione_delle_iniziative_intraprese#Pubblicità
11/1/2017_22:20:35#Femmina#Over_50#Catania#Licenza_media#ARD#Una_volta_a_settimana#No#Un’azienda_che_non_solo_rispetta_le_leggi_nelle_sue_attività,_ma_si_impegna_per_migliorare_società_e_ambiente#Trattamento_equo_dei_dipendenti#Solo_per_un_ritorno_di_immagine,_quindi_per_profitto#No,_anche_se_ne_avessi_necessità#No,_non_ho_mai_saputo_nulla_riguardo_attività_di_responsabilità_sociale_da_parte_dell’azienda#No,_generalmente_la_mia_scelta_dipende_da_altri_fattori_(convenienza,_qualità_dei_prodotti,_ecc.)#No,_non_in_modo_sufficiente#Sì,_abbastanza#Non_saprei###Promuovere_iniziative_a_tutela_dell’ambiente#Pubblicità
11/1/2017_22:33:36#Femmina#36-50#Catania#Diploma_superiore#A&O#Tutti_i_giorni#Sì#Un’azienda_che_persegue_i_propri_interessi_rispettando_le_leggi_e_pagando_le_tasse#Controllo_dei_prodotti#Solo_per_un_ritorno_di_immagine,_quindi_per_profitto#No,_mai#No,_non_ho_mai_saputo_nulla_riguardo_attività_di_responsabilità_sociale_da_parte_dell’azienda#Sì,_cerco_sempre_di_abbinare_le_mie_esigenze_con_queste_iniziative#No,_non_in_modo_sufficiente#Sì,_molto#Sì,_le_attività_che_intraprende_la_rendono_attiva_nel_campo_della_responsabilità_sociale#I_prodotti_rispettano_sempre_gli_standard_di_qualità_e_sostenibilità#Poca_trasparenza_circa_le_attività_sostenibili_intraprese#Organizzare_un_maggior_numero_di_iniziative_legate_a_cause_sociali#Report_su_sito_web
11/1/2017_22:34:25#Femmina#36-50#Catania#Licenza_media#A&O#Tre_volte_a_settimana#No#Un’azienda_che_persegue_i_propri_interessi_rispettando_le_leggi_e_pagando_le_tasse#Controllo_dei_prodotti#Solo_per_un_ritorno_di_immagine,_quindi_per_profitto#No,_anche_se_ne_avessi_necessità#No,_non_ho_mai_saputo_nulla_riguardo_attività_di_responsabilità_sociale_da_parte_dell’azienda#No,_generalmente_la_mia_scelta_dipende_da_altri_fattori_(convenienza,_qualità_dei_prodotti,_ecc.)#No,_non_in_modo_sufficiente#No,_non_mi_interessa_molto#No,_le_attività_che_intraprende_sono_poche_o_del_tutto_mancanti#Attenzione_e_cura_del_rapporto_con_il_cliente#Scarsa_attenzione_e_cura_del_rapporto_con_il_cliente#Coinvolgere_maggiormente_il_cliente_nelle_attività_di_beneficienza#Bilancio_sociale
11/1/2017_22:40:12#Femmina#Over_50#Catania#Diploma_superiore#ARD#Una_volta_a_settimana#Sì#Un’azienda_che_non_solo_rispetta_le_leggi_nelle_sue_attività,_ma_si_impegna_per_migliorare_società_e_ambiente#Rispetto_per_l’ambiente#Solo_per_un_ritorno_di_immagine,_quindi_per_profitto#No,_mai#Sì,_ne_vengo_a_conoscenza_direttamente_nel_punto_vendita_o_tramite_passa-parola#No,_generalmente_la_mia_scelta_dipende_da_altri_fattori_(convenienza,_qualità_dei_prodotti,_ecc.)#Sì,_abbastanza#Sì,_abbastanza#Sì,_le_attività_che_intraprende_la_rendono_attiva_nel_campo_della_responsabilità_sociale#I_prodotti_rispettano_sempre_gli_standard_di_qualità_e_sostenibilità##Promuovere_iniziative_a_tutela_dell’ambiente#Pubblicità
11/1/2017_22:43:15#Maschio#Over_50#Catania#Licenza_media#ARD#Tutti_i_giorni#No#Un’azienda_che_persegue_i_propri_interessi_rispettando_le_leggi_e_pagando_le_tasse#Trattamento_equo_dei_dipendenti#Ci_credono_veramente#Sì,_se_non_avessi_alternative_valide#Sì,_ne_vengo_a_conoscenza_direttamente_nel_punto_vendita_o_tramite_passa-parola#Sì,_cerco_sempre_di_abbinare_le_mie_esigenze_con_queste_iniziative#No,_non_in_modo_sufficiente#Sì,_abbastanza#Sì,_le_attività_che_intraprende_la_rendono_attiva_nel_campo_della_responsabilità_sociale#Attenzione_e_cura_del_rapporto_con_il_cliente##Organizzare_un_maggior_numero_di_iniziative_legate_a_cause_sociali#Pubblicità
11/1/2017_22:58:54#Femmina#36-50#Catania#Diploma_superiore#ARD#Tre_volte_a_settimana#No#Un’azienda_che_non_solo_rispetta_le_leggi_nelle_sue_attività,_ma_si_impegna_per_migliorare_società_e_ambiente#Controllo_dei_prodotti#Solo_per_un_ritorno_di_immagine,_quindi_per_profitto#Sì,_se_non_avessi_alternative_valide#No,_non_ho_mai_saputo_nulla_riguardo_attività_di_responsabilità_sociale_da_parte_dell’azienda#Sì,_cerco_sempre_di_abbinare_le_mie_esigenze_con_queste_iniziative#No,_non_in_modo_sufficiente#Sì,_abbastanza#Non_saprei###Migliorare_e_diffondere_maggiormente_la_comunicazione_delle_iniziative_intraprese#Pubblicità
11/1/2017_23:10:56#Maschio#25-35#Catania#Diploma_superiore#A&O#Una_volta_a_settimana#Sì#Un’azienda_che_fa_donazioni_e_sostiene_grandi_cause_sociali_esterne_all’azienda_stessa#Trattamento_equo_dei_dipendenti#Solo_per_un_ritorno_di_immagine,_quindi_per_profitto#Sì,_sempre#No,_non_ho_mai_saputo_nulla_riguardo_attività_di_responsabilità_sociale_da_parte_dell’azienda#No,_generalmente_la_mia_scelta_dipende_da_altri_fattori_(convenienza,_qualità_dei_prodotti,_ecc.)#No,_non_in_modo_sufficiente#No,_non_mi_interessa_molto#Sì,_le_attività_che_intraprende_la_rendono_attiva_nel_campo_della_responsabilità_sociale#Attenzione_e_cura_del_rapporto_con_il_cliente##Organizzare_un_maggior_numero_di_iniziative_legate_a_cause_sociali#Pubblicità
11/1/2017_23:30:58#Femmina#Over_50#Catania#Laurea_triennale#Famila#Tutti_i_giorni#Sì#Un’azienda_che_persegue_i_propri_interessi_rispettando_le_leggi_e_pagando_le_tasse#Controllo_dei_prodotti#Solo_per_un_ritorno_di_immagine,_quindi_per_profitto#Sì,_se_non_avessi_alternative_valide#No,_non_ho_mai_saputo_nulla_riguardo_attività_di_responsabilità_sociale_da_parte_dell’azienda#No,_generalmente_la_mia_scelta_dipende_da_altri_fattori_(convenienza,_qualità_dei_prodotti,_ecc.)#No,_per_niente#No,_non_mi_interessa_molto#Non_saprei###Migliorare_e_diffondere_maggiormente_la_comunicazione_delle_iniziative_intraprese#Pubblicità
11/2/2017_7:11:50#Femmina#36-50#Verbania#Licenza_media#ARD#Una_volta_l'anno_#Sì#Un’azienda_che_fa_donazioni_e_sostiene_grandi_cause_sociali_esterne_all’azienda_stessa#Rispetto_per_l’ambiente#Solo_per_un_ritorno_di_immagine,_quindi_per_profitto#No,_anche_se_ne_avessi_necessità#Sì,_ne_vengo_a_conoscenza_direttamente_nel_punto_vendita_o_tramite_passa-parola#Sì,_cerco_sempre_di_abbinare_le_mie_esigenze_con_queste_iniziative#No,_non_in_modo_sufficiente#Sì,_abbastanza#Sì,_le_attività_che_intraprende_la_rendono_attiva_nel_campo_della_responsabilità_sociale#I_prodotti_rispettano_sempre_gli_standard_di_qualità_e_sostenibilità##Migliorare_e_diffondere_maggiormente_la_comunicazione_delle_iniziative_intraprese#Report_su_sito_web
11/2/2017_7:26:18#Maschio#Over_50#Catania#Laurea_magistrale#Famila#Una_volta_a_settimana#No#Un’azienda_che_non_solo_rispetta_le_leggi_nelle_sue_attività,_ma_si_impegna_per_migliorare_società_e_ambiente#Controllo_dei_prodotti#Solo_per_un_ritorno_di_immagine,_quindi_per_profitto#Sì,_se_non_avessi_alternative_valide#No,_non_ho_mai_saputo_nulla_riguardo_attività_di_responsabilità_sociale_da_parte_dell’azienda#Sì,_cerco_sempre_di_abbinare_le_mie_esigenze_con_queste_iniziative#No,_non_in_modo_sufficiente#Sì,_abbastanza#Non_saprei##Scarsa_attenzione_e_cura_del_rapporto_con_il_cliente#Migliorare_e_diffondere_maggiormente_la_comunicazione_delle_iniziative_intraprese#Pubblicità
11/2/2017_9:51:46#Maschio#36-50#Catania#Diploma_superiore#ARD#Tre_volte_a_settimana#No#Un’azienda_che_persegue_i_propri_interessi_rispettando_le_leggi_e_pagando_le_tasse#Controllo_dei_prodotti#Solo_per_un_ritorno_di_immagine,_quindi_per_profitto#No,_anche_se_ne_avessi_necessità#No,_non_ho_mai_saputo_nulla_riguardo_attività_di_responsabilità_sociale_da_parte_dell’azienda#No,_generalmente_la_mia_scelta_dipende_da_altri_fattori_(convenienza,_qualità_dei_prodotti,_ecc.)#Sì,_abbastanza#No,_non_mi_interessa_molto#Sì,_le_attività_che_intraprende_la_rendono_attiva_nel_campo_della_responsabilità_sociale#I_prodotti_rispettano_sempre_gli_standard_di_qualità_e_sostenibilità##Organizzare_un_maggior_numero_di_iniziative_legate_a_cause_sociali#Pubblicità
11/2/2017_9:53:01#Femmina#25-35#Catania#Licenza_media#A&O#Tre_volte_a_settimana#Sì#Un’azienda_che_non_solo_rispetta_le_leggi_nelle_sue_attività,_ma_si_impegna_per_migliorare_società_e_ambiente#Trattamento_equo_dei_dipendenti#Solo_per_un_ritorno_di_immagine,_quindi_per_profitto#No,_mai#No,_non_ho_mai_saputo_nulla_riguardo_attività_di_responsabilità_sociale_da_parte_dell’azienda#Sì,_cerco_sempre_di_abbinare_le_mie_esigenze_con_queste_iniziative#Sì,_abbastanza#Sì,_abbastanza#Non_saprei###Promuovere_iniziative_a_tutela_dell’ambiente#Pubblicità
11/2/2017_9:59:12#Femmina#36-50#Catania#Licenza_media#Iperfamila#Una_volta_a_settimana#No#Un’azienda_che_non_solo_rispetta_le_leggi_nelle_sue_attività,_ma_si_impegna_per_migliorare_società_e_ambiente#Controllo_dei_prodotti#Solo_per_un_ritorno_di_immagine,_quindi_per_profitto#No,_mai#No,_non_ho_mai_saputo_nulla_riguardo_attività_di_responsabilità_sociale_da_parte_dell’azienda#No,_generalmente_la_mia_scelta_dipende_da_altri_fattori_(convenienza,_qualità_dei_prodotti,_ecc.)#No,_non_in_modo_sufficiente#No,_non_mi_interessa_molto#Non_saprei#Attenzione_e_cura_del_rapporto_con_il_cliente#Scarsa_attenzione_e_cura_del_rapporto_con_il_cliente#Promuovere_iniziative_a_tutela_dell’ambiente#Pubblicità
11/2/2017_10:45:00#Maschio#36-50#Catania#Diploma_superiore#Famila#Una_volta_a_settimana#Sì#Un’azienda_che_non_solo_rispetta_le_leggi_nelle_sue_attività,_ma_si_impegna_per_migliorare_società_e_ambiente#Controllo_dei_prodotti#Ci_credono_veramente#Sì,_se_non_avessi_alternative_valide#Sì,_ne_vengo_a_conoscenza_direttamente_nel_punto_vendita_o_tramite_passa-parola#No,_generalmente_la_mia_scelta_dipende_da_altri_fattori_(convenienza,_qualità_dei_prodotti,_ecc.)#Sì,_abbastanza#Sì,_abbastanza#Sì,_le_attività_che_intraprende_la_rendono_attiva_nel_campo_della_responsabilità_sociale#I_prodotti_rispettano_sempre_gli_standard_di_qualità_e_sostenibilità##Organizzare_un_maggior_numero_di_iniziative_legate_a_cause_sociali#Report_su_sito_web
11/2/2017_11:22:45#Femmina#Over_50#Catania#Diploma_superiore#ARD#Una_volta_a_settimana#No#Un’azienda_che_non_solo_rispetta_le_leggi_nelle_sue_attività,_ma_si_impegna_per_migliorare_società_e_ambiente#Controllo_dei_prodotti#Solo_per_un_ritorno_di_immagine,_quindi_per_profitto#Sì,_se_non_avessi_alternative_valide#No,_non_ho_mai_saputo_nulla_riguardo_attività_di_responsabilità_sociale_da_parte_dell’azienda#No,_generalmente_la_mia_scelta_dipende_da_altri_fattori_(convenienza,_qualità_dei_prodotti,_ecc.)#No,_per_niente#No,_non_mi_interessa_molto#Non_saprei###Migliorare_e_diffondere_maggiormente_la_comunicazione_delle_iniziative_intraprese#Codice_etico
11/2/2017_13:08:45#Femmina#Over_50#Catania#Diploma_superiore#ARD#Tre_volte_a_settimana#No#Un’azienda_che_persegue_i_propri_interessi_rispettando_le_leggi_e_pagando_le_tasse#Trattamento_equo_dei_dipendenti#Solo_per_un_ritorno_di_immagine,_quindi_per_profitto#Sì,_se_non_avessi_alternative_valide#No,_non_ho_mai_saputo_nulla_riguardo_attività_di_responsabilità_sociale_da_parte_dell’azienda#No,_generalmente_la_mia_scelta_dipende_da_altri_fattori_(convenienza,_qualità_dei_prodotti,_ecc.)#No,_per_niente#No,_per_niente#Non_saprei###Migliorare_e_diffondere_maggiormente_la_comunicazione_delle_iniziative_intraprese#Pubblicità
11/2/2017_13:55:47#Femmina#25-35#Messina#Diploma_superiore#ARD#Tre_volte_a_settimana#No#Un’azienda_che_non_solo_rispetta_le_leggi_nelle_sue_attività,_ma_si_impegna_per_migliorare_società_e_ambiente#Trattamento_equo_dei_dipendenti#Solo_per_un_ritorno_di_immagine,_quindi_per_profitto#Sì,_se_non_avessi_alternative_valide#Sì,_ne_vengo_a_conoscenza_direttamente_nel_punto_vendita_o_tramite_passa-parola#Sì,_cerco_sempre_di_abbinare_le_mie_esigenze_con_queste_iniziative#Sì,_abbastanza#Sì,_abbastanza#Sì,_le_attività_che_intraprende_la_rendono_attiva_nel_campo_della_responsabilità_sociale#L’azienda_mette_spesso_in_campo_iniziative_di_sostegno_ad_associazioni_no_profit##Migliorare_e_diffondere_maggiormente_la_comunicazione_delle_iniziative_intraprese#Report_su_sito_web
11/2/2017_14:07:44#Femmina#Over_50#Catania#Diploma_superiore#Famila#Una_volta_a_settimana#No#Un’azienda_che_non_solo_rispetta_le_leggi_nelle_sue_attività,_ma_si_impegna_per_migliorare_società_e_ambiente#Controllo_dei_prodotti#Solo_per_un_ritorno_di_immagine,_quindi_per_profitto#Sì,_se_non_avessi_alternative_valide#No,_non_ho_mai_saputo_nulla_riguardo_attività_di_responsabilità_sociale_da_parte_dell’azienda#No,_generalmente_la_mia_scelta_dipende_da_altri_fattori_(convenienza,_qualità_dei_prodotti,_ecc.)#Sì,_abbastanza#Sì,_abbastanza#Sì,_le_attività_che_intraprende_la_rendono_attiva_nel_campo_della_responsabilità_sociale#Attenzione_e_cura_del_rapporto_con_il_cliente##Migliorare_e_diffondere_maggiormente_la_comunicazione_delle_iniziative_intraprese#Pubblicità
11/2/2017_14:15:44#Femmina#Over_50#Catania#Laurea_magistrale#A&O#Tre_volte_a_settimana#No#Un’azienda_che_non_solo_rispetta_le_leggi_nelle_sue_attività,_ma_si_impegna_per_migliorare_società_e_ambiente#Controllo_dei_prodotti#Solo_per_un_ritorno_di_immagine,_quindi_per_profitto#Sì,_se_non_avessi_alternative_valide#No,_non_ho_mai_saputo_nulla_riguardo_attività_di_responsabilità_sociale_da_parte_dell’azienda#Non_saprei#Sì,_abbastanza#No,_non_mi_interessa_molto#Non_saprei###Migliorare_e_diffondere_maggiormente_la_comunicazione_delle_iniziative_intraprese#Pubblicità
11/2/2017_16:05:32#Maschio#36-50#Catania#Diploma_superiore#Iperfamila#Tre_volte_a_settimana#Sì#Un’azienda_che_non_solo_rispetta_le_leggi_nelle_sue_attività,_ma_si_impegna_per_migliorare_società_e_ambiente#Controllo_dei_prodotti#Solo_per_un_ritorno_di_immagine,_quindi_per_profitto#Sì,_se_non_avessi_alternative_valide#No,_non_ho_mai_saputo_nulla_riguardo_attività_di_responsabilità_sociale_da_parte_dell’azienda#No,_generalmente_la_mia_scelta_dipende_da_altri_fattori_(convenienza,_qualità_dei_prodotti,_ecc.)#No,_non_in_modo_sufficiente#Sì,_abbastanza#Non_saprei###Migliorare_e_diffondere_maggiormente_la_comunicazione_delle_iniziative_intraprese#Pubblicità
11/2/2017_16:11:07#Femmina#25-35#Catania#Diploma_superiore#ARD#Una_volta_a_settimana#No#Un’azienda_che_non_solo_rispetta_le_leggi_nelle_sue_attività,_ma_si_impegna_per_migliorare_società_e_ambiente#Controllo_dei_prodotti#Ci_credono_veramente#Sì,_se_non_avessi_alternative_valide#No,_non_ho_mai_saputo_nulla_riguardo_attività_di_responsabilità_sociale_da_parte_dell’azienda#No,_generalmente_la_mia_scelta_dipende_da_altri_fattori_(convenienza,_qualità_dei_prodotti,_ecc.)#No,_non_in_modo_sufficiente#No,_non_mi_interessa_molto#Non_saprei##Mancanza_di_iniziative_sul_tema_della_difesa_dell’ambiente#Migliorare_e_diffondere_maggiormente_la_comunicazione_delle_iniziative_intraprese#Pubblicità
11/2/2017_16:23:01#Maschio#Over_50#Catania#Diploma_superiore#Iperfamila#Tre_volte_a_settimana#No#Un’azienda_che_fa_donazioni_e_sostiene_grandi_cause_sociali_esterne_all’azienda_stessa#Trattamento_equo_dei_dipendenti#Solo_per_un_ritorno_di_immagine,_quindi_per_profitto#Sì,_se_non_avessi_alternative_valide#Sì,_ne_vengo_a_conoscenza_direttamente_nel_punto_vendita_o_tramite_passa-parola#Sì,_cerco_sempre_di_abbinare_le_mie_esigenze_con_queste_iniziative#No,_non_in_modo_sufficiente#Sì,_molto#Sì,_le_attività_che_intraprende_la_rendono_attiva_nel_campo_della_responsabilità_sociale#Attenzione_e_cura_del_rapporto_con_il_cliente##Migliorare_e_diffondere_maggiormente_la_comunicazione_delle_iniziative_intraprese#Pubblicità
11/2/2017_16:28:55#Femmina#25-35#Catania#Diploma_superiore#ARD#Tutti_i_giorni#Sì#Un’azienda_che_non_solo_rispetta_le_leggi_nelle_sue_attività,_ma_si_impegna_per_migliorare_società_e_ambiente#Trattamento_equo_dei_dipendenti#Solo_per_un_ritorno_di_immagine,_quindi_per_profitto#Sì,_sempre#No,_non_ho_mai_saputo_nulla_riguardo_attività_di_responsabilità_sociale_da_parte_dell’azienda#No,_generalmente_la_mia_scelta_dipende_da_altri_fattori_(convenienza,_qualità_dei_prodotti,_ecc.)#No,_non_in_modo_sufficiente#Sì,_molto#Sì,_le_attività_che_intraprende_la_rendono_attiva_nel_campo_della_responsabilità_sociale#Promozione_di_iniziative_a_tutela_dell’ambiente##Promuovere_iniziative_a_tutela_dell’ambiente#Report_su_sito_web
11/2/2017_16:29:22#Maschio#36-50#Catania#Diploma_superiore#ARD#Tutti_i_giorni#Sì#Un’azienda_che_non_solo_rispetta_le_leggi_nelle_sue_attività,_ma_si_impegna_per_migliorare_società_e_ambiente#Trattamento_equo_dei_dipendenti#Ci_credono_veramente#Sì,_sempre#Sì,_ne_vengo_a_conoscenza_direttamente_nel_punto_vendita_o_tramite_passa-parola#No,_generalmente_la_mia_scelta_dipende_da_altri_fattori_(convenienza,_qualità_dei_prodotti,_ecc.)#Sì,_abbastanza#Sì,_molto#Sì,_le_attività_che_intraprende_la_rendono_attiva_nel_campo_della_responsabilità_sociale#Attenzione_e_cura_del_rapporto_con_il_cliente##Coinvolgere_maggiormente_il_cliente_nelle_attività_di_beneficienza#Report_su_sito_web
11/2/2017_16:32:15#Maschio#25-35#Catania#Diploma_superiore#ARD#Tre_volte_a_settimana#Sì#Un’azienda_che_non_solo_rispetta_le_leggi_nelle_sue_attività,_ma_si_impegna_per_migliorare_società_e_ambiente#Sostegno_ad_associazioni_no_profit#Ci_credono_veramente#Sì,_se_non_avessi_alternative_valide#Sì,_ne_vengo_a_conoscenza_direttamente_nel_punto_vendita_o_tramite_passa-parola#Sì,_cerco_sempre_di_abbinare_le_mie_esigenze_con_queste_iniziative#Sì,_abbastanza#Sì,_molto#Sì,_le_attività_che_intraprende_la_rendono_attiva_nel_campo_della_responsabilità_sociale#I_prodotti_rispettano_sempre_gli_standard_di_qualità_e_sostenibilità##Organizzare_un_maggior_numero_di_iniziative_legate_a_cause_sociali#Pubblicità
11/2/2017_16:40:56#Maschio#36-50#Catania#Diploma_superiore#ARD#Tre_volte_a_settimana#No#Un’azienda_che_non_solo_rispetta_le_leggi_nelle_sue_attività,_ma_si_impegna_per_migliorare_società_e_ambiente#Controllo_dei_prodotti#Ci_credono_veramente#Sì,_se_non_avessi_alternative_valide#Sì,_ne_vengo_a_conoscenza_direttamente_nel_punto_vendita_o_tramite_passa-parola#Sì,_cerco_sempre_di_abbinare_le_mie_esigenze_con_queste_iniziative#Sì,_abbastanza#Sì,_abbastanza#Sì,_le_attività_che_intraprende_la_rendono_attiva_nel_campo_della_responsabilità_sociale#L’azienda_mette_spesso_in_campo_iniziative_di_sostegno_ad_associazioni_no_profit##Migliorare_e_diffondere_maggiormente_la_comunicazione_delle_iniziative_intraprese#Pubblicità
11/2/2017_16:41:03#Maschio#25-35#Catania#Laurea_triennale#ARD#Tutti_i_giorni#Sì#Un’azienda_che_non_solo_rispetta_le_leggi_nelle_sue_attività,_ma_si_impegna_per_migliorare_società_e_ambiente#Trattamento_equo_dei_dipendenti#Ci_credono_veramente#No,_anche_se_ne_avessi_necessità#Sì,_ne_vengo_a_conoscenza_direttamente_nel_punto_vendita_o_tramite_passa-parola#Sì,_cerco_sempre_di_abbinare_le_mie_esigenze_con_queste_iniziative#No,_non_in_modo_sufficiente#Sì,_molto#Sì,_le_attività_che_intraprende_la_rendono_attiva_nel_campo_della_responsabilità_sociale#I_prodotti_rispettano_sempre_gli_standard_di_qualità_e_sostenibilità##Organizzare_un_maggior_numero_di_iniziative_legate_a_cause_sociali#Report_su_sito_web
11/2/2017_16:42:40#Maschio#25-35#Catania#Laurea_magistrale#ARD#Una_volta_a_settimana#Sì#Un’azienda_che_non_solo_rispetta_le_leggi_nelle_sue_attività,_ma_si_impegna_per_migliorare_società_e_ambiente#Rispetto_per_l’ambiente#Ci_credono_veramente#Sì,_se_non_avessi_alternative_valide#No,_non_ho_mai_saputo_nulla_riguardo_attività_di_responsabilità_sociale_da_parte_dell’azienda#Non_saprei#No,_non_in_modo_sufficiente#Sì,_molto#Non_saprei##Mancanza_di_iniziative_sul_tema_della_difesa_dell’ambiente#Migliorare_e_diffondere_maggiormente_la_comunicazione_delle_iniziative_intraprese#Pubblicità
11/2/2017_16:43:43#Maschio#36-50#Catania#Diploma_superiore#ARD#Tutti_i_giorni#Sì#Un’azienda_che_non_solo_rispetta_le_leggi_nelle_sue_attività,_ma_si_impegna_per_migliorare_società_e_ambiente#Controllo_dei_prodotti#Ci_credono_veramente#Sì,_se_non_avessi_alternative_valide#Sì,_ne_vengo_a_conoscenza_direttamente_nel_punto_vendita_o_tramite_passa-parola#Non_saprei#No,_per_niente#Sì,_molto#Non_saprei###Migliorare_e_diffondere_maggiormente_la_comunicazione_delle_iniziative_intraprese#Pubblicità
11/2/2017_16:45:10#Maschio#36-50#Catania#Laurea_triennale#ARD#Una_volta_a_settimana#Sì#Un’azienda_che_non_solo_rispetta_le_leggi_nelle_sue_attività,_ma_si_impegna_per_migliorare_società_e_ambiente#Controllo_dei_prodotti#Solo_per_un_ritorno_di_immagine,_quindi_per_profitto#No,_anche_se_ne_avessi_necessità#No,_non_ho_mai_saputo_nulla_riguardo_attività_di_responsabilità_sociale_da_parte_dell’azienda#No,_generalmente_la_mia_scelta_dipende_da_altri_fattori_(convenienza,_qualità_dei_prodotti,_ecc.)#No,_per_niente#Sì,_abbastanza#Sì,_le_attività_che_intraprende_la_rendono_attiva_nel_campo_della_responsabilità_sociale#I_prodotti_rispettano_sempre_gli_standard_di_qualità_e_sostenibilità##Migliorare_e_diffondere_maggiormente_la_comunicazione_delle_iniziative_intraprese#Bilancio_sociale
11/2/2017_16:44:32#Maschio#Over_50#Catania#Licenza_media#Famila#Tre_volte_a_settimana#No#Un’azienda_che_non_solo_rispetta_le_leggi_nelle_sue_attività,_ma_si_impegna_per_migliorare_società_e_ambiente#Trattamento_equo_dei_dipendenti#Ci_credono_veramente#No,_anche_se_ne_avessi_necessità#No,_non_ho_mai_saputo_nulla_riguardo_attività_di_responsabilità_sociale_da_parte_dell’azienda#Non_saprei#No,_non_in_modo_sufficiente#Sì,_abbastanza#Non_saprei###Migliorare_e_diffondere_maggiormente_la_comunicazione_delle_iniziative_intraprese#Report_su_sito_web
11/2/2017_16:45:17#Maschio#36-50#Catania#Diploma_superiore#ARD#Tre_volte_a_settimana#Sì#Un’azienda_che_non_solo_rispetta_le_leggi_nelle_sue_attività,_ma_si_impegna_per_migliorare_società_e_ambiente#Rispetto_per_l’ambiente#Ci_credono_veramente#Sì,_se_non_avessi_alternative_valide#Sì,_ne_vengo_a_conoscenza_direttamente_nel_punto_vendita_o_tramite_passa-parola#Sì,_cerco_sempre_di_abbinare_le_mie_esigenze_con_queste_iniziative#Sì,_abbastanza#Sì,_abbastanza#Sì,_le_attività_che_intraprende_la_rendono_attiva_nel_campo_della_responsabilità_sociale#L’azienda_mette_spesso_in_campo_iniziative_di_sostegno_ad_associazioni_no_profit##Migliorare_e_diffondere_maggiormente_la_comunicazione_delle_iniziative_intraprese#Pubblicità
11/2/2017_16:45:49#Maschio#25-35#Catania#Diploma_superiore#ARD#Tutti_i_giorni#Sì#Un’azienda_che_non_solo_rispetta_le_leggi_nelle_sue_attività,_ma_si_impegna_per_migliorare_società_e_ambiente#Controllo_dei_prodotti#Ci_credono_veramente#Sì,_se_non_avessi_alternative_valide#Sì,_ne_vengo_a_conoscenza_direttamente_nel_punto_vendita_o_tramite_passa-parola#Sì,_cerco_sempre_di_abbinare_le_mie_esigenze_con_queste_iniziative#Sì,_decisamente#Sì,_molto#Sì,_le_attività_che_intraprende_la_rendono_attiva_nel_campo_della_responsabilità_sociale#I_prodotti_rispettano_sempre_gli_standard_di_qualità_e_sostenibilità##Coinvolgere_maggiormente_il_cliente_nelle_attività_di_beneficienza#Pubblicità
11/2/2017_16:47:57#Maschio#Over_50#Catania#Diploma_superiore#ARD#Tre_volte_a_settimana#No#Un’azienda_che_non_solo_rispetta_le_leggi_nelle_sue_attività,_ma_si_impegna_per_migliorare_società_e_ambiente#Controllo_dei_prodotti#Solo_per_un_ritorno_di_immagine,_quindi_per_profitto#Sì,_se_non_avessi_alternative_valide#No,_non_ho_mai_saputo_nulla_riguardo_attività_di_responsabilità_sociale_da_parte_dell’azienda#Sì,_cerco_sempre_di_abbinare_le_mie_esigenze_con_queste_iniziative#No,_non_in_modo_sufficiente#Sì,_abbastanza#Non_saprei###Migliorare_e_diffondere_maggiormente_la_comunicazione_delle_iniziative_intraprese#Pubblicità
11/2/2017_16:48:24#Maschio#25-35#Catania#Diploma_superiore#ARD#Una_volta_a_settimana#No#Un’azienda_che_non_solo_rispetta_le_leggi_nelle_sue_attività,_ma_si_impegna_per_migliorare_società_e_ambiente#Trattamento_equo_dei_dipendenti#Solo_per_un_ritorno_di_immagine,_quindi_per_profitto#Sì,_se_non_avessi_alternative_valide#Sì,_ne_vengo_a_conoscenza_direttamente_nel_punto_vendita_o_tramite_passa-parola#No,_generalmente_la_mia_scelta_dipende_da_altri_fattori_(convenienza,_qualità_dei_prodotti,_ecc.)#Sì,_abbastanza#Sì,_abbastanza#Sì,_le_attività_che_intraprende_la_rendono_attiva_nel_campo_della_responsabilità_sociale#L’azienda_mette_spesso_in_campo_iniziative_di_sostegno_ad_associazioni_no_profit##Organizzare_un_maggior_numero_di_iniziative_legate_a_cause_sociali#Pubblicità
11/2/2017_16:48:25#Maschio#36-50#Catania#Diploma_superiore#Famila#Una_volta_a_settimana#No#Un’azienda_che_non_solo_rispetta_le_leggi_nelle_sue_attività,_ma_si_impegna_per_migliorare_società_e_ambiente#Trattamento_equo_dei_dipendenti#Ci_credono_veramente#Sì,_se_non_avessi_alternative_valide#Sì,_ne_vengo_a_conoscenza_direttamente_nel_punto_vendita_o_tramite_passa-parola#No,_generalmente_la_mia_scelta_dipende_da_altri_fattori_(convenienza,_qualità_dei_prodotti,_ecc.)#Sì,_abbastanza#Sì,_abbastanza#Sì,_le_attività_che_intraprende_la_rendono_attiva_nel_campo_della_responsabilità_sociale#L’azienda_mette_spesso_in_campo_iniziative_di_sostegno_ad_associazioni_no_profit##Migliorare_e_diffondere_maggiormente_la_comunicazione_delle_iniziative_intraprese#Pubblicità
11/2/2017_16:48:37#Maschio#25-35#Catania#Diploma_superiore#ARD#Una_volta_a_settimana#No#Un’azienda_che_non_solo_rispetta_le_leggi_nelle_sue_attività,_ma_si_impegna_per_migliorare_società_e_ambiente#Controllo_dei_prodotti#Solo_per_un_ritorno_di_immagine,_quindi_per_profitto#Sì,_se_non_avessi_alternative_valide#Sì,_ne_vengo_a_conoscenza_direttamente_nel_punto_vendita_o_tramite_passa-parola#Non_saprei#No,_per_niente#No,_non_mi_interessa_molto#Non_saprei##Poca_trasparenza_circa_le_attività_sostenibili_intraprese#Migliorare_e_diffondere_maggiormente_la_comunicazione_delle_iniziative_intraprese#Pubblicità
11/2/2017_16:49:01#Femmina#36-50#Catania#Diploma_superiore#ARD#Tutti_i_giorni#Sì#Un’azienda_che_non_solo_rispetta_le_leggi_nelle_sue_attività,_ma_si_impegna_per_migliorare_società_e_ambiente#Rispetto_per_l’ambiente#Ci_credono_veramente#No,_mai#Sì,_ne_vengo_a_conoscenza_direttamente_nel_punto_vendita_o_tramite_passa-parola#Sì,_cerco_sempre_di_abbinare_le_mie_esigenze_con_queste_iniziative#Sì,_abbastanza#Sì,_abbastanza#Sì,_le_attività_che_intraprende_la_rendono_attiva_nel_campo_della_responsabilità_sociale#Attenzione_e_cura_del_rapporto_con_il_cliente##Migliorare_e_diffondere_maggiormente_la_comunicazione_delle_iniziative_intraprese#Pubblicità
11/2/2017_16:51:05#Maschio#36-50#Catania#Licenza_media#ARD#Tre_volte_a_settimana#No#Un’azienda_che_non_solo_rispetta_le_leggi_nelle_sue_attività,_ma_si_impegna_per_migliorare_società_e_ambiente#Trattamento_equo_dei_dipendenti#Ci_credono_veramente#Sì,_se_non_avessi_alternative_valide#Sì,_ne_vengo_a_conoscenza_direttamente_nel_punto_vendita_o_tramite_passa-parola#No,_generalmente_la_mia_scelta_dipende_da_altri_fattori_(convenienza,_qualità_dei_prodotti,_ecc.)#No,_non_in_modo_sufficiente#Sì,_abbastanza#Non_saprei#Promozione_di_iniziative_a_tutela_dell’ambiente##Migliorare_e_diffondere_maggiormente_la_comunicazione_delle_iniziative_intraprese#Pubblicità
11/2/2017_16:54:50#Maschio#36-50#Catania#Diploma_superiore#ARD#Tutti_i_giorni#Sì#Un’azienda_che_non_solo_rispetta_le_leggi_nelle_sue_attività,_ma_si_impegna_per_migliorare_società_e_ambiente#Trattamento_equo_dei_dipendenti#Ci_credono_veramente#No,_mai#Sì,_ne_vengo_a_conoscenza_direttamente_nel_punto_vendita_o_tramite_passa-parola#Sì,_cerco_sempre_di_abbinare_le_mie_esigenze_con_queste_iniziative#Sì,_decisamente#Sì,_molto#Sì,_le_attività_che_intraprende_la_rendono_attiva_nel_campo_della_responsabilità_sociale#I_prodotti_rispettano_sempre_gli_standard_di_qualità_e_sostenibilità#Appoggio_scarso_o_del_tutto_mancante_ad_enti_no_profit#Organizzare_un_maggior_numero_di_iniziative_legate_a_cause_sociali#Codice_etico
11/2/2017_16:55:06#Maschio#36-50#Catania#Diploma_superiore#ARD#Tre_volte_a_settimana#Sì#Un’azienda_che_non_solo_rispetta_le_leggi_nelle_sue_attività,_ma_si_impegna_per_migliorare_società_e_ambiente#Trattamento_equo_dei_dipendenti#Solo_per_un_ritorno_di_immagine,_quindi_per_profitto#Sì,_se_non_avessi_alternative_valide#Sì,_ne_vengo_a_conoscenza_direttamente_nel_punto_vendita_o_tramite_passa-parola#Sì,_cerco_sempre_di_abbinare_le_mie_esigenze_con_queste_iniziative#Sì,_abbastanza#Sì,_molto#Sì,_le_attività_che_intraprende_la_rendono_attiva_nel_campo_della_responsabilità_sociale#Attenzione_e_cura_del_rapporto_con_il_cliente##Organizzare_un_maggior_numero_di_iniziative_legate_a_cause_sociali#Pubblicità
11/2/2017_16:56:48#Maschio#25-35#Catania#Diploma_superiore#Famila#Tutti_i_giorni#No#Un’azienda_che_non_solo_rispetta_le_leggi_nelle_sue_attività,_ma_si_impegna_per_migliorare_società_e_ambiente#Controllo_dei_prodotti#Ci_credono_veramente#No,_anche_se_ne_avessi_necessità#Sì,_ne_vengo_a_conoscenza_direttamente_nel_punto_vendita_o_tramite_passa-parola#No,_generalmente_la_mia_scelta_dipende_da_altri_fattori_(convenienza,_qualità_dei_prodotti,_ecc.)#Sì,_abbastanza#Sì,_abbastanza#Sì,_le_attività_che_intraprende_la_rendono_attiva_nel_campo_della_responsabilità_sociale#I_prodotti_rispettano_sempre_gli_standard_di_qualità_e_sostenibilità##Migliorare_e_diffondere_maggiormente_la_comunicazione_delle_iniziative_intraprese#Report_su_sito_web
11/2/2017_16:58:02#Maschio#Over_50#Catania#Diploma_superiore#A&O#Tre_volte_a_settimana#No#Un’azienda_che_non_solo_rispetta_le_leggi_nelle_sue_attività,_ma_si_impegna_per_migliorare_società_e_ambiente#Trattamento_equo_dei_dipendenti#Solo_per_un_ritorno_di_immagine,_quindi_per_profitto#No,_anche_se_ne_avessi_necessità#Sì,_ne_vengo_a_conoscenza_direttamente_nel_punto_vendita_o_tramite_passa-parola#Sì,_cerco_sempre_di_abbinare_le_mie_esigenze_con_queste_iniziative#Sì,_abbastanza#Sì,_abbastanza#Sì,_le_attività_che_intraprende_la_rendono_attiva_nel_campo_della_responsabilità_sociale#Attenzione_e_cura_del_rapporto_con_il_cliente##Migliorare_e_diffondere_maggiormente_la_comunicazione_delle_iniziative_intraprese#Codice_etico
11/2/2017_16:58:48#Maschio#36-50#Catania#Diploma_superiore#ARD#Tre_volte_a_settimana#No#Un’azienda_che_fa_donazioni_e_sostiene_grandi_cause_sociali_esterne_all’azienda_stessa#Controllo_dei_prodotti#Ci_credono_veramente#Sì,_se_non_avessi_alternative_valide#Sì,_ne_vengo_a_conoscenza_direttamente_nel_punto_vendita_o_tramite_passa-parola#Sì,_cerco_sempre_di_abbinare_le_mie_esigenze_con_queste_iniziative#Sì,_abbastanza#No,_non_mi_interessa_molto#Sì,_le_attività_che_intraprende_la_rendono_attiva_nel_campo_della_responsabilità_sociale#I_prodotti_rispettano_sempre_gli_standard_di_qualità_e_sostenibilità##Promuovere_iniziative_a_tutela_dell’ambiente#Pubblicità
11/2/2017_17:03:09#Maschio#36-50#Messina#Licenza_media#Famila#Quando_necessito#No#Un’azienda_che_non_solo_rispetta_le_leggi_nelle_sue_attività,_ma_si_impegna_per_migliorare_società_e_ambiente#Controllo_dei_prodotti#Solo_per_un_ritorno_di_immagine,_quindi_per_profitto#Sì,_se_non_avessi_alternative_valide#Sì,_ne_vengo_a_conoscenza_direttamente_nel_punto_vendita_o_tramite_passa-parola#No,_generalmente_la_mia_scelta_dipende_da_altri_fattori_(convenienza,_qualità_dei_prodotti,_ecc.)#Sì,_decisamente#No,_non_mi_interessa_molto#Sì,_le_attività_che_intraprende_la_rendono_attiva_nel_campo_della_responsabilità_sociale#Attenzione_e_cura_del_rapporto_con_il_cliente##Migliorare_e_diffondere_maggiormente_la_comunicazione_delle_iniziative_intraprese#Pubblicità
11/2/2017_17:07:47#Femmina#25-35#Catania#Laurea_triennale#ARD#Tre_volte_a_settimana#Sì#Un’azienda_che_non_solo_rispetta_le_leggi_nelle_sue_attività,_ma_si_impegna_per_migliorare_società_e_ambiente#Controllo_dei_prodotti#Ci_credono_veramente#Sì,_se_non_avessi_alternative_valide#No,_non_ho_mai_saputo_nulla_riguardo_attività_di_responsabilità_sociale_da_parte_dell’azienda#Non_saprei#No,_per_niente#Sì,_molto#Non_saprei##Poca_trasparenza_circa_le_attività_sostenibili_intraprese#Migliorare_e_diffondere_maggiormente_la_comunicazione_delle_iniziative_intraprese#Pubblicità
11/2/2017_17:11:21#Maschio#25-35#Catania#Licenza_media#ARD#Tutti_i_giorni#Sì#Un’azienda_che_non_solo_rispetta_le_leggi_nelle_sue_attività,_ma_si_impegna_per_migliorare_società_e_ambiente#Trattamento_equo_dei_dipendenti#Solo_per_un_ritorno_di_immagine,_quindi_per_profitto#Sì,_se_non_avessi_alternative_valide#No,_non_ho_mai_saputo_nulla_riguardo_attività_di_responsabilità_sociale_da_parte_dell’azienda#No,_generalmente_la_mia_scelta_dipende_da_altri_fattori_(convenienza,_qualità_dei_prodotti,_ecc.)#No,_non_in_modo_sufficiente#Sì,_molto#Non_saprei###Organizzare_un_maggior_numero_di_iniziative_legate_a_cause_sociali#Bilancio_sociale
11/2/2017_17:13:33#Maschio#Over_50#Catania#Diploma_superiore#ARD#Una_volta_a_settimana#Sì#Un’azienda_che_non_solo_rispetta_le_leggi_nelle_sue_attività,_ma_si_impegna_per_migliorare_società_e_ambiente#Trattamento_equo_dei_dipendenti#Solo_per_un_ritorno_di_immagine,_quindi_per_profitto#Sì,_se_non_avessi_alternative_valide#Sì,_ne_vengo_a_conoscenza_direttamente_nel_punto_vendita_o_tramite_passa-parola#No,_generalmente_la_mia_scelta_dipende_da_altri_fattori_(convenienza,_qualità_dei_prodotti,_ecc.)#Sì,_abbastanza#No,_non_mi_interessa_molto#Non_saprei###Promuovere_iniziative_a_tutela_dell’ambiente#Pubblicità
11/2/2017_17:23:10#Maschio#36-50#Catania#Diploma_superiore#ARD#Tutti_i_giorni#No#Un’azienda_che_non_solo_rispetta_le_leggi_nelle_sue_attività,_ma_si_impegna_per_migliorare_società_e_ambiente#Controllo_dei_prodotti#Solo_per_un_ritorno_di_immagine,_quindi_per_profitto#Sì,_se_non_avessi_alternative_valide#No,_non_ho_mai_saputo_nulla_riguardo_attività_di_responsabilità_sociale_da_parte_dell’azienda#No,_generalmente_la_mia_scelta_dipende_da_altri_fattori_(convenienza,_qualità_dei_prodotti,_ecc.)#Sì,_abbastanza#Sì,_abbastanza#Non_saprei###Organizzare_un_maggior_numero_di_iniziative_legate_a_cause_sociali#Pubblicità
11/2/2017_17:24:31#Maschio#36-50#Catania#Diploma_superiore#ARD#Tre_volte_a_settimana#Sì#Un’azienda_che_non_solo_rispetta_le_leggi_nelle_sue_attività,_ma_si_impegna_per_migliorare_società_e_ambiente#Trattamento_equo_dei_dipendenti#Ci_credono_veramente#Sì,_se_non_avessi_alternative_valide#Sì,_ne_vengo_a_conoscenza_direttamente_nel_punto_vendita_o_tramite_passa-parola#Sì,_cerco_sempre_di_abbinare_le_mie_esigenze_con_queste_iniziative#Sì,_decisamente#Sì,_molto#Sì,_le_attività_che_intraprende_la_rendono_attiva_nel_campo_della_responsabilità_sociale#Attenzione_e_cura_del_rapporto_con_il_cliente##Organizzare_un_maggior_numero_di_iniziative_legate_a_cause_sociali#Report_su_sito_web
11/2/2017_17:25:32#Maschio#Over_50#Catania#Diploma_superiore#Famila#Tre_volte_a_settimana#Sì#Un’azienda_che_non_solo_rispetta_le_leggi_nelle_sue_attività,_ma_si_impegna_per_migliorare_società_e_ambiente#Controllo_dei_prodotti#Solo_per_un_ritorno_di_immagine,_quindi_per_profitto#Sì,_se_non_avessi_alternative_valide#Sì,_ne_vengo_a_conoscenza_direttamente_nel_punto_vendita_o_tramite_passa-parola#Sì,_cerco_sempre_di_abbinare_le_mie_esigenze_con_queste_iniziative#No,_non_in_modo_sufficiente#Sì,_molto#Non_saprei###Coinvolgere_maggiormente_il_cliente_nelle_attività_di_beneficienza#Report_su_sito_web
11/2/2017_17:26:42#Maschio#36-50#Catania#Diploma_superiore#Famila#Tre_volte_a_settimana#No#Un’azienda_che_non_solo_rispetta_le_leggi_nelle_sue_attività,_ma_si_impegna_per_migliorare_società_e_ambiente#Rispetto_per_l’ambiente#Ci_credono_veramente#Sì,_se_non_avessi_alternative_valide#Sì,_ne_vengo_a_conoscenza_direttamente_nel_punto_vendita_o_tramite_passa-parola#No,_generalmente_la_mia_scelta_dipende_da_altri_fattori_(convenienza,_qualità_dei_prodotti,_ecc.)#No,_non_in_modo_sufficiente#No,_non_mi_interessa_molto#Non_saprei###Coinvolgere_maggiormente_il_cliente_nelle_attività_di_beneficienza#Pubblicità
11/2/2017_17:32:36#Maschio#Over_50#Catania#Laurea_magistrale#Iperfamila#Tre_volte_a_settimana#Sì#Un’azienda_che_fa_donazioni_e_sostiene_grandi_cause_sociali_esterne_all’azienda_stessa#Rispetto_per_l’ambiente#Ci_credono_veramente#Sì,_se_non_avessi_alternative_valide#Sì,_ne_vengo_a_conoscenza_direttamente_nel_punto_vendita_o_tramite_passa-parola#Sì,_cerco_sempre_di_abbinare_le_mie_esigenze_con_queste_iniziative#Sì,_decisamente#Sì,_abbastanza#Sì,_le_attività_che_intraprende_la_rendono_attiva_nel_campo_della_responsabilità_sociale#Attenzione_e_cura_del_rapporto_con_il_cliente##Promuovere_iniziative_a_tutela_dell’ambiente#Pubblicità
11/2/2017_17:37:25#Maschio#25-35#Catania#Diploma_superiore##Una_volta_a_settimana#No#Un’azienda_che_non_solo_rispetta_le_leggi_nelle_sue_attività,_ma_si_impegna_per_migliorare_società_e_ambiente#Trattamento_equo_dei_dipendenti#Ci_credono_veramente#Sì,_se_non_avessi_alternative_valide#Sì,_ne_vengo_a_conoscenza_direttamente_nel_punto_vendita_o_tramite_passa-parola#No,_generalmente_la_mia_scelta_dipende_da_altri_fattori_(convenienza,_qualità_dei_prodotti,_ecc.)#Sì,_decisamente#Sì,_abbastanza#Sì,_le_attività_che_intraprende_la_rendono_attiva_nel_campo_della_responsabilità_sociale#L’azienda_mette_spesso_in_campo_iniziative_di_sostegno_ad_associazioni_no_profit##Coinvolgere_maggiormente_il_cliente_nelle_attività_di_beneficienza#Pubblicità
11/2/2017_17:38:05#Maschio#36-50#Catania#Diploma_superiore#Discount#Tre_volte_a_settimana#No#Un’azienda_che_non_solo_rispetta_le_leggi_nelle_sue_attività,_ma_si_impegna_per_migliorare_società_e_ambiente#Trattamento_equo_dei_dipendenti#Ci_credono_veramente#Sì,_se_non_avessi_alternative_valide#No,_non_ho_mai_saputo_nulla_riguardo_attività_di_responsabilità_sociale_da_parte_dell’azienda#No,_generalmente_la_mia_scelta_dipende_da_altri_fattori_(convenienza,_qualità_dei_prodotti,_ecc.)#No,_per_niente#Sì,_abbastanza#Non_saprei###Migliorare_e_diffondere_maggiormente_la_comunicazione_delle_iniziative_intraprese#Pubblicità
11/2/2017_17:41:16#Maschio#36-50#Catania#Diploma_superiore#Discount#Tutti_i_giorni#No#Un’azienda_che_non_solo_rispetta_le_leggi_nelle_sue_attività,_ma_si_impegna_per_migliorare_società_e_ambiente#Controllo_dei_prodotti#Solo_per_un_ritorno_di_immagine,_quindi_per_profitto#No,_anche_se_ne_avessi_necessità#Sì,_ne_vengo_a_conoscenza_direttamente_nel_punto_vendita_o_tramite_passa-parola#No,_generalmente_la_mia_scelta_dipende_da_altri_fattori_(convenienza,_qualità_dei_prodotti,_ecc.)#Sì,_decisamente#Sì,_abbastanza#Sì,_le_attività_che_intraprende_la_rendono_attiva_nel_campo_della_responsabilità_sociale#Attenzione_e_cura_del_rapporto_con_il_cliente##Organizzare_un_maggior_numero_di_iniziative_legate_a_cause_sociali#Report_su_sito_web
11/2/2017_17:49:31#Maschio#36-50#Catania#Diploma_superiore#Supermercato#Tre_volte_a_settimana#Sì#Un’azienda_che_non_solo_rispetta_le_leggi_nelle_sue_attività,_ma_si_impegna_per_migliorare_società_e_ambiente#Trattamento_equo_dei_dipendenti#Solo_per_un_ritorno_di_immagine,_quindi_per_profitto#Sì,_se_non_avessi_alternative_valide#No,_non_ho_mai_saputo_nulla_riguardo_attività_di_responsabilità_sociale_da_parte_dell’azienda#No,_generalmente_la_mia_scelta_dipende_da_altri_fattori_(convenienza,_qualità_dei_prodotti,_ecc.)#No,_non_in_modo_sufficiente#Sì,_abbastanza#No,_le_attività_che_intraprende_sono_poche_o_del_tutto_mancanti##Poca_trasparenza_circa_le_attività_sostenibili_intraprese#Migliorare_e_diffondere_maggiormente_la_comunicazione_delle_iniziative_intraprese#Mailing_list_con_divulgazione_delle_azioni_intraprese
